Hours Studied,Previous Scores,Performance Index
7,99,91
4,82,65
8,51,45
5,52,36
7,75,66
3,78,61
7,73,63
8,45,42
5,77,61
4,89,69
8,91,84
8,79,73
3,47,27
6,47,33
5,79,68
2,72,43
8,73,67
6,83,70
2,54,30
5,75,63
1,99,71
6,96,85
9,74,73
1,85,57
3,61,35
7,62,49
4,79,66
9,84,83
3,94,74
5,90,74
3,61,39
7,44,36
5,70,58
9,52,47
7,67,60
2,97,74
4,59,42
9,72,68
2,55,32
9,68,64
5,62,45
2,63,39
4,73,58
7,46,36
8,77,71
3,76,54
1,43,17
4,73,54
2,81,58
8,61,53
4,44,27
2,89,65
6,81,75
6,62,52
4,93,78
6,99,91
2,54,33
2,70,47
4,98,78
8,48,38
7,82,70
9,97,98
8,92,87
5,64,49
2,64,41
5,88,71
8,60,54
9,48,42
9,94,91
1,87,61
9,77,74
7,61,54
9,82,81
8,62,52
1,88,65
8,43,36
8,68,61
3,54,35
1,40,15
8,93,88
3,69,45
3,68,49
1,59,33
5,72,60
7,80,71
9,83,81
7,75,67
9,99,95
8,61,58
2,52,29
1,46,21
7,47,38
7,67,60
8,84,76
5,82,69
3,48,30
8,64,57
6,95,81
3,55,36
1,49,25
3,50,27
5,70,61
3,51,34
1,99,76
5,70,57
7,53,45
7,90,76
9,83,83
3,71,50
7,89,81
1,92,66
4,56,38
4,74,56
5,40,25
7,68,56
7,90,82
4,43,23
7,62,56
3,67,46
6,55,43
2,51,30
9,92,92
5,60,45
6,84,70
4,56,36
7,79,71
9,52,49
7,91,82
1,97,71
1,71,43
9,76,77
9,89,86
4,54,34
9,51,49
3,88,69
7,96,84
6,54,41
8,73,68
9,45,44
5,56,41
1,87,58
3,88,68
8,96,94
6,59,47
8,48,40
9,98,100
4,44,23
1,62,36
1,72,47
4,77,60
7,95,83
2,53,33
3,56,36
1,96,74
5,58,42
1,72,47
8,40,31
1,52,26
1,85,58
2,66,42
2,45,18
6,98,85
7,45,36
5,72,58
1,69,45
1,85,60
3,74,56
2,62,42
5,49,33
6,90,77
7,58,51
4,90,72
7,67,57
8,62,53
1,43,16
6,59,45
8,58,49
5,81,67
4,66,49
2,96,73
6,73,65
6,43,27
1,95,72
9,77,74
6,46,38
3,87,67
4,46,28
4,89,73
3,91,72
3,65,42
3,65,47
4,93,77
7,58,49
4,48,30
9,59,54
1,81,56
8,84,75
7,89,78
2,55,32
8,93,89
1,56,29
9,61,57
9,52,48
2,51,27
7,49,38
3,40,18
7,71,66
9,69,65
4,47,27
1,60,33
2,61,37
1,57,29
5,41,26
5,87,72
7,83,77
9,48,45
9,42,41
3,93,73
3,65,43
3,60,39
4,69,54
8,67,62
6,75,63
8,65,59
1,73,46
8,47,42
4,49,30
1,87,63
8,94,89
4,82,62
6,89,77
8,93,88
4,53,35
3,79,60
9,94,92
3,54,38
9,56,56
2,92,70
2,57,35
2,71,47
6,77,66
3,62,43
9,85,81
4,62,43
1,74,46
4,78,61
1,54,27
5,92,77
4,63,43
8,67,60
8,55,48
7,55,47
3,79,60
1,78,53
1,45,19
3,41,23
6,93,81
7,52,41
6,83,71
6,86,75
6,98,89
3,48,28
6,73,60
8,56,54
2,66,41
5,68,52
1,76,53
1,82,52
5,61,47
3,90,71
4,63,42
3,46,21
1,73,48
1,87,64
5,51,38
6,62,49
3,54,35
9,72,73
5,96,81
8,52,47
1,62,36
5,77,63
3,71,52
1,84,58
4,89,77
5,74,58
7,40,33
1,86,67
3,97,76
2,84,62
9,44,37
6,96,86
3,52,37
8,93,88
8,44,38
2,99,76
6,71,57
7,90,82
2,60,35
2,63,41
1,99,75
8,57,51
1,60,34
9,93,92
6,49,39
7,63,56
7,79,69
3,86,69
2,60,40
9,64,63
8,91,86
7,99,89
9,96,94
4,98,79
4,62,44
1,61,33
8,43,36
3,73,50
7,95,94
2,45,22
2,67,44
7,70,60
6,74,64
3,78,58
9,81,78
6,62,51
6,45,30
1,55,29
4,41,22
6,63,51
6,56,45
5,84,70
1,40,10
8,45,38
5,44,30
5,96,82
7,84,74
4,99,87
6,94,77
4,89,72
3,68,51
7,51,40
8,78,72
4,86,68
2,42,22
3,87,67
1,40,18
8,66,64
3,87,66
7,63,50
5,83,68
5,58,44
7,98,90
9,47,41
5,94,83
1,83,57
1,86,64
2,41,18
6,69,62
9,69,66
8,88,85
5,78,62
1,84,62
7,71,62
5,40,26
6,77,66
7,52,43
3,50,30
3,49,25
5,87,77
6,98,88
9,65,62
5,95,82
1,94,73
4,59,44
5,56,40
5,56,39
7,43,34
4,44,27
1,99,73
5,62,46
7,85,78
6,91,80
5,49,33
4,85,68
2,67,45
4,72,56
3,82,58
1,65,37
8,94,88
5,89,75
4,87,70
8,68,62
7,66,57
2,57,32
1,79,53
4,99,82
8,49,41
2,97,75
3,81,63
1,44,17
1,49,24
3,89,69
5,60,47
3,63,43
1,77,48
1,42,17
8,79,75
2,70,54
3,80,59
2,76,56
3,41,20
7,41,34
1,78,54
8,88,83
2,81,59
3,83,63
9,73,72
7,81,70
4,59,41
5,72,54
2,43,21
8,84,83
4,83,64
9,50,51
5,81,66
9,86,83
4,44,26
5,64,49
9,88,85
8,99,95
3,76,56
1,73,50
3,48,23
4,45,26
2,57,30
1,53,28
7,58,48
8,53,46
7,79,73
5,56,45
1,99,76
7,74,71
7,68,60
9,81,77
3,56,36
9,98,96
1,82,62
1,47,22
4,40,21
9,84,79
6,92,82
3,75,55
1,46,22
4,85,70
9,44,37
3,63,42
9,67,64
7,82,72
4,56,42
3,76,56
5,59,43
5,42,24
3,76,55
9,65,64
4,54,34
5,90,78
4,87,71
5,47,33
7,52,46
9,87,86
7,42,34
5,40,26
7,48,44
5,70,53
3,80,61
7,93,84
2,65,40
9,56,53
1,95,67
6,73,58
7,48,41
8,95,89
9,90,85
2,52,33
2,44,20
5,80,66
5,52,38
6,40,25
3,64,43
8,86,79
1,43,16
6,75,67
4,91,80
1,49,26
7,67,57
9,96,91
4,45,29
4,66,48
6,95,84
3,51,33
6,91,82
7,87,81
3,42,24
7,85,81
3,72,54
2,49,25
4,70,53
8,54,48
9,46,40
7,75,66
1,53,29
3,95,73
9,87,89
1,53,27
9,42,40
8,88,83
1,92,69
6,85,72
5,89,77
6,42,32
5,61,49
6,58,44
5,74,57
5,51,34
4,93,76
3,44,22
3,49,30
4,80,67
9,72,71
2,52,29
9,74,74
1,90,67
1,71,46
5,50,34
6,87,76
6,77,64
3,63,46
7,74,68
9,58,58
8,45,41
6,79,64
8,93,84
5,84,70
8,83,77
4,81,60
8,74,65
2,43,21
5,72,60
9,52,48
4,95,77
6,75,63
1,93,68
9,82,81
1,58,29
5,82,66
4,51,36
3,50,29
6,45,32
2,51,31
3,66,45
5,80,65
9,64,57
2,81,58
8,42,38
2,42,22
5,59,48
7,67,59
8,62,58
1,87,62
6,42,30
1,81,56
2,63,40
1,82,59
5,79,65
9,45,43
6,59,48
1,50,24
1,71,51
2,99,81
9,66,62
3,60,43
1,83,63
5,87,73
7,89,76
6,52,43
1,61,34
5,74,57
5,86,72
6,61,47
3,67,52
5,60,49
7,85,77
5,57,41
5,70,56
5,99,89
3,85,65
1,76,49
5,60,48
9,53,47
1,64,37
3,66,48
4,79,61
1,99,77
1,99,75
8,62,57
2,70,45
8,86,82
7,99,90
2,68,42
6,86,74
6,69,60
3,90,73
2,65,40
1,59,32
6,77,67
5,58,46
9,66,65
1,64,42
7,79,69
5,77,62
5,91,75
2,62,40
3,68,43
7,54,42
6,98,84
2,42,15
6,49,39
2,54,26
2,95,73
2,55,34
3,56,34
2,58,37
4,50,34
9,87,85
6,44,31
1,44,18
8,97,92
7,53,44
3,89,72
1,65,40
5,47,31
4,44,25
8,46,44
1,55,27
1,94,66
4,53,34
8,76,70
5,95,81
2,80,56
6,43,30
5,75,60
2,87,64
3,95,74
9,56,52
7,86,84
7,75,66
6,45,32
8,55,47
4,68,51
8,75,67
4,77,57
8,76,71
9,87,86
3,96,77
3,87,72
2,49,24
3,80,60
3,75,55
5,68,54
5,53,39
2,43,19
6,83,68
5,95,83
6,81,72
1,75,49
5,89,74
9,84,86
2,52,26
1,85,60
9,57,54
9,72,73
9,60,61
6,55,45
8,54,57
1,93,68
4,96,72
1,44,17
8,45,37
1,77,54
3,42,22
4,87,73
8,51,47
6,75,63
7,72,63
8,75,68
2,72,52
8,70,64
3,60,38
7,66,60
3,66,45
7,47,39
2,95,75
6,76,67
3,71,48
3,65,44
9,41,37
7,51,41
5,61,47
7,56,45
9,46,43
1,82,54
7,43,32
6,76,64
9,77,74
1,71,50
4,50,33
9,40,36
4,64,45
3,81,58
9,91,85
2,63,41
4,92,78
6,82,63
2,95,76
8,56,51
8,47,36
1,98,74
3,84,65
9,66,65
5,91,79
6,57,46
4,66,47
2,61,42
8,55,46
6,41,34
5,44,27
9,57,52
1,42,17
5,66,53
6,93,84
5,56,39
6,55,44
6,45,36
7,90,81
4,46,30
8,89,80
7,53,41
9,77,77
7,79,69
3,54,34
3,86,64
8,86,78
5,87,74
4,72,52
8,82,76
6,66,53
2,68,46
4,96,77
4,76,59
6,44,35
6,68,61
1,71,46
8,99,97
6,92,86
3,45,24
9,41,37
2,45,18
8,85,84
3,82,59
5,43,29
6,95,84
6,68,60
4,98,78
3,64,46
4,48,31
1,95,68
4,42,25
1,65,37
1,87,62
6,82,69
5,66,50
4,75,55
3,71,54
1,40,12
6,96,88
2,92,69
8,93,88
5,55,41
7,90,83
2,87,62
8,50,45
2,65,42
4,79,65
1,94,73
5,40,23
9,65,61
1,67,41
9,92,85
8,97,93
6,48,35
7,99,92
3,98,79
1,83,57
5,61,49
2,47,28
5,97,85
8,88,82
9,81,80
2,66,41
3,78,57
3,58,41
1,64,43
8,77,73
6,60,46
8,63,61
9,63,61
5,99,87
3,99,78
5,58,43
5,89,75
5,86,72
3,41,18
4,53,36
9,92,92
9,71,71
2,81,58
8,71,69
8,67,58
7,87,74
8,78,72
3,79,61
6,81,74
1,86,60
7,79,70
1,52,27
9,51,49
1,47,17
1,54,34
7,65,51
2,51,27
5,82,67
8,90,84
8,85,81
3,66,45
7,57,50
3,84,67
6,75,67
6,88,77
3,90,70
7,66,59
3,48,27
8,94,88
4,78,60
1,40,14
4,46,27
7,65,54
4,46,32
6,91,79
9,46,44
1,47,20
5,55,42
7,42,33
1,84,58
4,49,31
6,89,75
2,46,22
5,60,46
1,92,68
6,76,66
6,70,60
4,62,44
8,96,90
4,66,47
8,95,88
8,61,56
5,78,66
4,96,78
2,66,43
3,93,72
3,88,69
4,43,24
4,63,47
5,62,45
4,87,72
8,58,51
6,81,73
6,42,28
8,66,56
7,42,29
8,67,60
2,56,28
9,70,66
1,49,21
8,88,84
4,61,42
4,69,51
5,88,74
8,60,50
5,75,62
8,92,90
1,62,32
9,77,71
6,51,37
3,64,42
8,93,85
9,96,96
6,59,51
7,88,82
1,88,64
5,81,67
5,46,32
4,68,50
6,87,73
7,68,62
9,52,48
1,42,20
6,41,33
7,55,43
3,69,49
8,77,70
5,45,28
9,84,82
5,46,29
9,44,42
4,95,79
9,46,41
5,73,61
9,71,69
3,88,68
4,52,38
9,69,67
6,64,54
2,60,39
7,99,93
2,98,76
2,60,39
1,67,38
3,87,69
6,97,88
8,59,54
9,73,68
7,44,33
4,57,40
6,99,87
5,78,64
8,82,70
1,96,70
1,96,72
6,50,38
2,93,71
5,56,40
1,87,58
7,84,77
1,61,38
4,76,60
9,59,57
1,87,63
4,99,82
6,93,84
6,93,84
8,87,77
1,87,61
7,85,73
1,45,15
7,73,64
3,53,33
8,87,78
3,62,43
1,59,34
8,52,48
3,86,66
2,83,60
1,80,53
3,71,51
2,65,43
2,89,68
6,92,80
1,53,26
2,91,70
6,96,85
3,75,57
4,47,30
1,79,56
8,61,53
7,61,52
7,55,47
3,66,48
3,95,78
2,99,79
1,99,75
7,49,40
7,64,59
2,70,49
7,60,48
8,66,60
1,56,29
9,72,68
7,70,63
3,89,71
8,81,76
7,65,57
8,60,54
6,75,61
9,40,34
5,43,32
3,43,23
3,65,44
1,43,18
8,88,82
2,48,18
3,69,52
8,90,88
8,84,78
4,43,26
4,44,26
5,84,74
6,62,52
5,55,40
7,61,54
2,76,51
7,47,35
7,87,79
1,72,45
7,94,81
5,99,87
3,77,56
3,82,65
4,55,38
2,44,17
2,55,35
1,46,20
5,90,75
4,40,26
2,48,23
3,57,38
7,84,78
7,97,91
4,86,67
5,42,31
5,63,49
6,67,57
9,49,45
2,48,22
5,52,35
3,87,65
4,74,53
6,93,79
8,62,57
1,86,58
8,56,50
7,85,75
1,46,17
2,91,70
3,55,36
1,92,61
9,79,78
8,75,71
2,59,36
9,63,63
7,86,78
9,44,39
6,84,70
6,45,34
4,67,49
2,98,71
7,44,34
5,88,77
6,78,67
2,77,52
5,41,25
4,82,68
9,78,76
6,93,85
2,60,40
1,79,56
5,76,62
9,98,99
6,57,46
7,93,86
5,87,73
6,85,74
5,51,37
9,56,50
6,76,65
8,85,79
2,77,53
9,54,55
5,46,31
7,53,47
1,89,63
5,40,27
2,77,53
6,42,33
1,76,56
3,83,65
5,70,55
4,82,67
3,52,32
5,87,73
8,57,45
4,56,43
1,56,32
7,50,42
8,59,55
3,49,28
6,68,58
2,87,67
7,73,66
8,56,46
6,93,79
6,91,83
5,81,63
8,52,45
1,83,63
4,86,70
4,78,58
3,66,50
3,93,77
4,92,75
1,65,40
2,67,43
9,52,47
2,51,22
5,83,71
9,67,63
9,41,37
8,76,72
1,96,73
1,96,72
9,73,68
8,62,59
9,97,97
7,91,83
3,84,65
3,68,47
2,74,51
5,50,32
3,87,63
6,72,60
2,90,70
3,50,32
5,48,32
1,53,29
1,48,21
9,78,74
7,87,81
1,42,11
8,68,65
3,58,37
8,75,75
5,71,61
1,46,17
7,94,87
5,67,52
6,83,71
6,57,46
8,99,99
9,44,40
2,62,42
9,94,91
9,61,57
7,65,58
1,81,55
7,51,46
5,79,64
6,58,45
7,86,78
5,40,24
7,42,36
9,66,65
3,57,35
8,89,87
2,69,45
7,41,35
2,44,18
4,68,46
7,72,63
3,81,62
2,59,35
7,69,63
1,81,58
8,44,37
3,89,74
2,60,40
3,97,78
5,54,38
8,59,55
7,47,39
7,88,84
7,70,60
8,51,47
1,60,34
4,69,54
6,66,56
9,83,82
2,65,45
1,72,45
2,65,43
7,65,57
3,75,56
2,79,56
7,40,30
2,98,75
3,54,33
7,89,80
4,40,27
1,50,26
5,94,81
9,41,41
8,40,34
9,70,68
9,83,83
7,55,44
4,93,75
5,61,52
1,81,56
1,57,37
3,86,67
8,56,50
2,69,46
4,49,31
2,74,51
5,97,82
9,60,58
1,55,31
5,45,29
9,42,40
1,80,51
9,82,79
8,60,52
4,52,36
5,57,43
5,97,81
6,93,81
7,99,84
8,63,55
8,66,64
2,93,68
9,43,41
7,61,53
4,63,50
4,79,65
8,84,78
4,49,31
6,41,30
5,79,64
3,45,26
2,87,66
9,57,55
9,56,52
1,77,57
3,84,68
8,62,57
6,85,75
5,69,54
5,97,82
6,60,51
7,49,43
1,95,68
9,82,77
3,52,33
4,51,37
1,48,23
3,43,26
2,78,56
2,63,42
1,93,65
8,73,66
3,78,57
3,80,59
6,44,28
8,54,46
9,89,84
9,43,42
4,90,73
5,91,77
2,97,74
9,78,75
8,97,94
3,47,27
9,88,89
3,84,62
9,63,59
2,92,73
9,67,57
8,94,90
9,82,80
5,66,50
2,40,18
8,73,68
6,56,39
8,76,67
5,77,69
2,65,43
6,96,84
5,63,50
5,78,65
1,99,74
2,60,35
8,69,61
3,86,64
3,90,66
8,87,81
8,96,93
2,52,28
8,76,71
1,42,13
6,71,59
8,74,67
3,58,35
8,53,46
1,87,59
9,61,57
9,56,51
5,98,80
4,43,22
6,84,71
7,79,73
5,58,40
9,76,75
3,41,24
7,54,45
5,41,25
7,50,42
2,84,63
4,62,44
2,49,26
7,42,31
2,44,26
1,42,15
9,77,77
1,52,31
8,81,75
2,58,34
8,79,74
3,89,68
6,74,64
3,63,43
7,63,54
9,56,53
2,79,56
5,49,34
6,41,27
4,83,66
4,62,41
4,45,25
2,41,20
4,60,45
1,94,70
6,95,86
1,74,46
6,88,73
1,68,42
6,46,27
8,68,64
2,92,71
2,76,56
4,62,43
3,72,50
4,47,31
7,51,42
1,85,60
6,87,76
3,49,28
7,54,45
2,92,71
2,63,44
4,65,48
1,86,57
3,81,61
9,92,86
7,99,95
7,78,70
4,97,81
2,42,18
4,41,24
6,45,32
3,60,40
1,48,25
8,49,41
5,75,66
5,98,83
4,42,22
6,80,70
3,63,42
9,61,56
5,88,72
3,53,31
1,81,60
6,84,74
2,83,62
3,66,44
1,72,46
9,99,96
8,61,51
2,68,43
8,58,51
9,58,58
1,45,23
5,84,67
8,58,50
2,52,31
4,98,83
7,65,55
3,61,44
5,60,45
8,75,73
3,95,76
4,41,23
9,86,84
7,83,73
1,69,48
4,66,50
4,46,30
9,59,51
6,89,76
9,70,66
6,62,50
6,52,40
5,56,42
5,43,29
2,96,77
8,53,45
8,59,49
1,99,74
8,52,45
5,42,27
2,65,44
2,65,42
6,57,43
9,71,68
1,53,29
6,86,73
9,42,39
8,40,30
6,65,53
3,63,38
8,88,82
9,74,72
1,53,24
9,42,44
6,52,45
6,86,75
4,89,75
1,53,26
8,60,49
2,65,42
1,42,14
2,90,64
1,79,54
1,43,16
9,75,73
1,90,67
4,82,69
6,40,28
7,79,67
2,86,62
6,72,60
7,46,43
2,92,70
2,91,70
7,91,84
1,95,72
8,50,44
3,66,46
6,53,41
9,61,58
6,55,44
9,85,89
7,51,45
9,88,87
2,85,61
8,49,41
8,63,57
2,85,62
4,57,39
7,61,54
4,48,33
4,56,42
6,77,70
6,79,67
3,97,80
9,52,44
2,89,69
6,76,66
7,45,35
9,60,61
3,90,68
3,75,55
7,46,36
4,75,56
8,64,58
7,50,40
5,83,68
7,53,43
3,84,61
2,68,45
6,49,36
2,89,67
3,87,67
6,44,29
5,47,31
8,85,74
9,44,37
3,97,79
3,99,76
3,63,45
6,79,65
1,96,72
7,65,62
1,45,19
5,55,39
8,99,93
4,75,62
5,51,37
4,50,34
4,42,23
8,83,79
2,76,51
1,45,18
3,58,41
9,57,57
4,55,36
5,62,47
2,82,65
4,76,57
2,48,22
2,42,20
4,47,27
6,77,64
7,43,32
3,51,29
3,83,62
6,70,56
3,64,43
2,92,70
8,55,49
5,81,68
1,93,66
3,53,31
8,52,44
4,80,65
7,46,36
2,51,27
7,76,71
5,89,76
5,43,31
6,41,26
9,74,69
6,97,90
8,83,79
7,42,33
9,43,40
4,77,58
2,51,28
7,58,50
6,49,37
1,40,15
9,56,50
9,55,55
2,48,25
3,96,79
5,92,79
5,48,36
1,98,69
8,94,83
8,48,44
4,51,36
7,94,84
3,80,58
6,54,44
9,41,36
1,50,23
5,50,33
4,47,31
8,94,90
1,71,45
9,45,40
6,92,81
4,59,47
9,78,75
5,74,61
5,47,37
5,89,75
1,88,63
1,82,61
8,73,70
8,96,91
6,92,80
4,98,83
2,95,72
2,58,35
9,46,41
5,70,57
4,57,43
1,79,55
7,53,42
3,78,59
6,99,90
5,92,79
5,99,89
5,98,87
1,75,50
1,56,33
3,76,58
4,83,68
5,48,33
2,97,73
8,59,50
2,84,59
9,96,93
2,67,47
9,89,89
7,59,47
8,80,77
2,75,53
7,92,87
6,66,53
4,47,28
7,71,66
4,40,23
2,56,28
7,96,89
8,48,38
2,59,37
5,84,66
1,71,44
7,41,33
8,71,67
6,84,76
5,48,33
6,69,59
2,59,39
1,77,55
7,99,96
7,40,30
2,99,80
2,96,75
1,44,19
8,74,71
8,75,67
1,40,16
8,53,45
9,48,44
4,69,50
1,63,37
1,43,15
3,89,71
5,53,42
5,64,49
9,43,41
2,64,40
2,49,25
6,74,62
9,94,93
1,46,19
9,81,77
9,52,52
9,43,41
5,89,69
9,82,82
4,96,82
2,75,49
6,95,82
4,53,40
6,57,48
3,47,28
6,71,60
2,66,43
2,81,59
9,76,71
7,62,52
3,46,27
1,51,28
8,64,62
6,42,27
7,65,55
9,43,39
5,81,66
1,75,46
7,54,47
5,71,59
3,68,46
9,49,47
1,60,39
1,93,67
1,55,26
3,86,68
6,58,49
3,68,45
8,91,88
2,90,67
9,57,54
3,97,75
5,83,67
8,96,91
2,55,30
6,40,29
5,87,75
9,41,41
5,95,84
2,54,31
5,78,64
4,67,48
7,40,29
6,44,33
2,81,59
5,61,45
7,92,86
7,75,65
5,85,73
9,52,50
4,40,20
3,55,36
4,94,78
5,80,65
6,61,48
3,71,49
2,55,32
4,90,69
5,54,41
4,97,77
3,85,60
8,91,88
4,81,61
2,92,69
2,51,29
1,99,73
4,40,22
9,92,93
7,56,46
7,80,74
7,94,83
8,90,84
1,96,71
8,89,82
4,67,49
4,46,27
4,48,29
6,61,50
7,65,53
6,92,80
1,51,21
8,46,39
7,85,74
6,86,76
6,54,43
5,77,61
6,60,48
9,53,48
9,41,40
8,47,40
9,84,80
8,94,90
8,45,36
1,76,48
5,76,60
4,96,76
2,72,47
8,80,73
3,45,22
4,91,74
7,65,58
9,78,76
2,80,59
3,76,55
4,53,33
1,76,50
7,47,37
2,78,58
5,52,36
1,52,25
3,79,62
2,82,57
1,67,39
7,97,84
5,57,45
1,96,72
6,58,45
5,77,63
3,71,50
7,61,53
9,41,36
9,99,97
9,52,49
2,62,40
3,64,43
7,67,60
5,97,85
2,50,26
3,72,53
6,63,53
7,41,34
9,69,63
1,56,31
7,79,71
8,73,67
3,77,57
4,61,46
6,44,34
7,87,76
4,79,65
8,90,84
5,55,38
1,52,27
4,65,49
3,70,52
9,91,86
8,78,74
1,87,64
6,62,53
9,87,87
7,51,43
4,53,37
1,95,68
2,57,32
5,66,49
5,67,56
8,57,52
6,55,41
8,91,87
2,55,34
3,52,32
6,97,89
3,68,46
6,48,36
6,65,51
2,67,46
7,80,72
2,52,27
6,75,59
1,48,25
3,86,67
2,53,24
7,90,82
4,51,35
8,92,88
6,97,87
4,96,79
5,71,58
9,77,76
7,42,34
9,97,95
7,96,93
1,93,67
8,91,85
4,55,36
3,59,38
7,71,66
3,95,78
8,62,58
6,56,48
5,55,41
4,77,61
8,47,42
8,58,50
1,69,40
9,96,94
5,97,84
4,73,59
6,53,39
6,61,49
2,83,59
8,56,49
7,99,89
1,98,73
5,54,40
6,89,79
4,87,74
2,71,49
4,52,35
1,60,39
7,88,83
2,79,56
2,72,46
9,96,95
5,97,86
2,66,39
9,74,70
9,55,51
1,67,41
3,73,53
4,86,71
7,40,31
4,80,63
2,87,61
7,70,65
6,75,63
3,83,63
6,72,58
6,72,62
5,78,61
4,57,40
1,62,39
6,99,89
2,62,40
3,54,35
8,65,55
6,69,60
3,64,45
7,84,76
4,55,38
9,78,73
5,87,72
3,84,68
2,53,27
2,56,33
3,51,28
2,68,46
4,71,52
2,95,72
9,63,58
2,91,69
9,52,54
6,95,85
1,59,33
4,54,33
1,95,67
6,92,80
4,43,25
3,93,76
3,73,53
9,67,63
6,89,75
9,41,38
5,96,79
2,86,63
8,69,60
5,65,49
2,90,66
4,86,71
9,65,66
4,59,41
4,81,67
2,67,46
6,95,86
2,59,37
7,50,42
3,97,77
3,49,32
5,62,47
3,76,54
2,80,60
9,91,89
2,58,34
2,84,59
8,57,52
9,88,84
7,66,57
3,45,30
9,49,47
3,41,15
5,63,49
9,77,74
3,67,45
7,67,61
1,92,67
4,84,64
4,89,73
7,78,68
8,41,33
1,85,60
5,44,30
7,89,82
4,50,33
4,49,28
4,82,64
6,98,88
7,41,35
2,54,30
5,78,60
4,80,66
3,76,52
7,46,39
6,59,45
7,73,64
5,74,66
6,73,61
5,92,76
7,61,49
2,70,43
5,62,45
6,58,49
6,43,27
5,63,50
7,59,52
8,78,72
7,67,62
5,93,80
1,78,53
5,56,42
2,58,37
5,93,77
5,87,73
2,74,46
5,71,54
4,86,70
1,85,60
3,86,67
1,85,58
5,78,63
4,96,83
7,74,64
5,69,57
4,56,45
2,81,61
4,86,68
2,68,45
8,45,39
3,99,77
9,56,55
4,56,38
6,53,40
5,63,49
1,96,74
9,89,86
1,96,72
8,76,72
9,79,77
9,78,76
1,94,67
2,71,52
1,75,52
2,89,67
8,76,66
5,87,74
7,53,40
2,66,44
8,98,97
6,58,48
8,70,65
1,85,57
1,48,19
7,77,68
8,56,48
3,58,34
5,83,67
1,43,15
7,87,83
5,96,83
8,50,46
8,61,57
9,43,42
7,56,51
1,47,24
3,85,64
8,98,94
3,73,50
8,50,41
1,70,45
5,50,37
4,95,75
5,93,80
8,95,94
4,77,62
4,92,73
3,60,43
7,85,78
3,69,51
3,49,24
5,65,46
5,66,51
6,47,35
8,78,75
6,47,38
1,99,79
8,47,42
8,94,89
9,73,66
9,98,100
2,55,34
2,80,59
3,52,28
1,62,39
4,51,36
4,66,52
9,61,57
9,71,66
9,96,95
7,88,79
2,66,42
5,41,23
4,84,67
8,72,64
2,65,43
6,67,56
5,58,43
2,82,55
1,44,16
8,72,65
2,59,38
7,69,57
9,84,83
9,47,47
8,77,71
9,56,56
2,83,57
6,40,23
4,42,27
4,85,65
5,65,54
3,70,50
1,47,23
8,82,77
5,98,83
3,85,66
7,47,38
7,74,65
1,78,54
9,67,65
2,90,68
5,43,31
5,96,83
8,55,49
8,52,45
7,59,46
7,90,85
6,44,33
6,94,83
9,76,71
6,59,49
2,63,39
2,75,51
5,73,57
4,97,81
2,84,65
3,87,66
7,93,86
8,73,66
6,58,50
5,56,46
1,44,20
8,64,58
3,57,38
6,99,91
3,94,77
7,92,83
7,89,79
9,47,50
5,66,51
8,54,49
8,84,79
1,52,26
5,55,42
3,61,42
1,59,35
4,52,31
8,59,50
3,41,18
2,74,50
9,86,82
5,94,78
7,58,53
2,84,65
9,76,76
9,97,94
4,93,79
4,45,27
6,53,43
6,43,30
1,61,37
9,90,90
2,94,68
5,78,64
9,75,73
4,73,53
3,66,46
7,46,37
6,42,29
8,86,80
3,72,52
5,41,29
4,81,70
4,55,40
4,64,49
8,99,92
6,54,46
3,63,42
5,54,41
6,70,60
5,53,41
6,93,83
8,53,43
7,45,36
5,53,38
6,56,47
4,57,40
9,59,59
4,90,76
1,56,31
7,55,44
7,79,71
4,78,59
3,91,69
8,71,63
5,99,87
7,83,77
4,48,31
4,66,47
8,85,78
8,91,86
2,72,48
2,49,24
3,56,39
3,88,71
1,88,60
3,75,54
6,56,45
8,57,51
6,91,78
5,62,48
4,73,59
3,47,28
4,52,35
7,62,55
1,96,69
7,93,87
1,59,32
2,61,37
4,86,66
1,91,66
9,62,56
6,80,70
1,74,48
1,42,17
6,73,59
4,72,56
4,85,66
6,56,41
7,84,76
9,58,54
5,69,57
9,62,62
4,54,38
2,98,73
3,96,72
1,53,28
6,41,28
6,78,67
1,88,62
3,57,36
5,45,33
3,98,74
3,71,52
3,60,38
5,79,62
5,67,50
4,66,48
1,41,15
5,72,51
5,55,37
4,78,59
6,61,46
4,95,78
7,82,74
7,86,78
2,52,27
3,95,74
1,41,15
8,53,46
9,95,90
4,77,58
6,80,65
9,67,65
6,46,36
9,57,52
4,95,79
8,80,74
9,94,93
4,75,57
5,80,65
8,75,69
6,83,71
7,43,31
3,96,78
7,69,60
8,63,58
6,59,46
9,85,87
6,95,81
9,70,69
4,63,46
8,46,41
4,65,50
2,52,24
9,93,97
5,47,35
4,94,82
2,44,24
1,83,59
7,52,42
6,68,56
2,59,30
8,53,49
4,71,56
8,99,98
7,89,79
5,66,54
8,95,93
9,64,63
5,91,76
5,43,27
2,60,35
5,57,39
3,78,59
7,54,50
5,92,77
8,77,70
1,87,62
3,91,71
3,63,39
9,47,41
5,67,51
9,60,52
9,55,49
1,99,76
2,93,71
5,55,42
4,74,60
9,56,53
7,48,40
6,96,85
7,74,70
1,91,63
1,68,42
8,78,73
2,57,35
9,51,48
7,58,49
6,87,75
1,61,35
1,98,70
2,95,71
6,88,74
6,91,77
2,54,30
1,40,13
5,41,26
5,47,35
2,61,40
6,64,55
9,41,37
2,90,64
2,48,23
3,48,27
7,52,42
6,45,34
8,69,63
8,54,50
6,90,75
3,92,74
3,54,39
1,89,63
7,46,36
5,97,84
4,50,30
4,79,60
4,77,61
6,79,70
8,41,32
8,90,87
5,87,72
6,78,68
4,49,29
9,83,78
8,56,45
1,46,20
2,93,66
9,79,77
8,78,72
3,43,26
8,74,67
1,90,67
4,86,68
3,75,56
6,70,61
7,64,50
4,80,68
7,52,47
9,57,56
2,60,40
3,87,68
5,40,26
3,75,55
8,89,84
8,47,40
8,91,85
9,87,85
4,60,40
5,82,68
5,91,74
8,92,90
7,92,82
9,60,57
8,66,61
2,58,38
4,62,46
6,90,80
2,89,67
7,90,84
3,82,58
3,74,55
2,79,57
8,91,87
6,90,80
1,81,54
1,87,64
7,44,33
8,91,83
5,80,66
5,47,33
4,50,31
6,55,40
6,78,66
3,86,67
9,63,64
7,60,52
1,91,68
7,62,58
5,88,72
5,77,65
2,86,65
4,47,24
6,46,35
7,41,34
5,69,57
9,52,54
3,62,42
1,68,39
4,77,62
9,76,71
4,59,42
2,72,52
5,68,54
3,89,68
9,54,50
4,62,46
6,81,68
2,42,19
6,76,68
3,95,74
9,68,63
2,84,60
9,47,47
5,61,47
8,92,87
2,68,45
6,41,31
3,80,61
5,88,73
8,98,92
1,89,65
5,84,69
3,40,20
4,83,66
2,59,38
9,91,81
3,60,39
2,76,53
9,47,44
7,66,58
6,86,79
1,98,75
5,74,59
3,45,23
1,99,74
4,84,65
2,83,60
2,58,32
3,57,38
8,95,91
8,40,34
7,64,46
6,66,55
9,46,43
4,83,67
1,81,56
8,68,58
7,70,60
7,83,77
3,82,69
4,75,60
9,58,52
6,45,36
5,64,49
3,70,50
9,48,48
5,59,43
5,49,34
4,76,57
4,66,50
1,52,28
7,80,72
9,41,38
3,89,68
2,60,41
3,72,53
1,63,36
6,92,80
7,83,73
2,81,59
8,73,67
6,99,91
4,48,34
5,41,23
8,94,86
3,95,73
3,69,49
4,61,43
1,85,61
9,50,45
8,94,85
8,82,75
6,56,44
7,75,66
6,52,45
9,46,40
3,55,38
3,72,50
3,84,67
3,40,21
9,50,51
4,45,25
7,59,53
9,74,71
7,83,77
9,76,75
3,80,60
4,65,49
8,97,87
6,51,40
5,69,56
4,67,49
8,66,59
1,81,59
9,58,54
1,44,17
8,97,90
4,44,23
9,80,82
5,66,49
3,67,50
9,65,60
9,66,60
4,91,74
4,88,71
8,81,77
2,60,34
9,40,39
6,93,85
9,67,64
8,87,87
7,97,91
1,97,73
3,54,34
2,94,70
5,56,42
5,65,55
5,59,45
4,64,49
5,52,37
3,72,55
1,64,38
5,47,35
9,44,41
9,45,43
4,62,46
3,91,69
1,69,37
2,53,31
8,93,90
1,62,33
8,50,44
7,70,62
8,45,41
6,50,38
9,52,45
3,51,34
4,93,72
6,41,29
8,92,83
5,74,61
3,94,75
6,75,63
4,56,36
9,67,62
3,67,49
4,61,46
7,77,69
7,46,35
4,54,38
6,71,62
3,50,30
6,63,52
2,42,16
8,69,66
2,45,20
7,97,86
9,41,38
1,53,30
8,80,71
7,57,49
6,90,79
6,83,69
6,70,56
9,52,47
2,65,41
1,83,58
6,51,38
8,57,52
3,48,25
1,88,62
9,60,60
1,87,63
3,88,72
8,92,84
3,95,74
4,79,61
8,82,77
1,63,36
6,73,65
1,47,23
1,83,60
8,92,83
4,72,56
1,62,37
7,52,43
5,93,76
5,92,83
1,88,63
6,53,39
9,53,48
9,55,53
8,88,84
5,77,63
1,97,73
9,99,99
1,78,52
8,65,58
5,65,50
3,40,18
7,71,62
7,96,87
9,54,53
7,91,87
3,60,37
1,57,31
8,69,63
3,99,81
8,97,95
8,52,45
5,63,48
1,69,47
7,41,31
5,58,43
8,86,82
9,83,80
7,86,76
7,64,57
1,89,64
4,53,35
2,45,24
2,51,30
2,59,38
4,62,45
1,69,44
4,69,53
2,77,53
5,97,84
3,69,47
8,80,76
4,69,57
1,96,71
1,97,74
3,75,54
9,88,84
7,73,62
2,55,35
9,63,62
2,53,30
3,65,47
2,47,25
3,53,40
6,70,56
9,41,38
9,87,86
7,43,38
3,40,17
4,94,75
6,59,48
5,98,87
2,53,32
6,79,68
3,64,42
8,99,96
2,64,42
1,42,18
9,44,41
3,77,54
1,93,67
7,65,57
5,79,65
5,77,62
1,77,56
9,43,39
7,46,38
8,69,65
9,69,68
6,95,82
5,58,44
6,78,67
2,74,53
4,79,61
3,72,53
7,72,61
9,53,49
5,77,61
6,49,38
2,96,76
3,67,47
3,53,32
9,75,71
7,77,69
8,55,53
9,99,100
6,60,49
4,67,48
1,72,45
8,45,40
7,80,71
2,54,34
8,83,76
5,42,29
7,82,71
4,86,69
5,74,58
8,53,43
1,41,17
1,68,41
4,43,27
3,65,45
2,90,65
3,51,31
1,41,14
1,56,33
6,74,60
5,49,34
8,87,82
2,61,40
4,80,66
8,82,76
6,60,46
1,54,31
4,74,57
1,87,65
2,60,38
5,60,46
8,60,53
8,99,97
3,83,63
4,71,55
6,94,79
3,44,26
2,78,55
6,48,37
5,92,78
5,57,45
5,60,45
5,47,34
3,83,66
7,91,79
6,73,63
4,49,32
2,90,64
9,80,78
1,96,69
4,63,46
1,79,54
6,63,51
4,95,78
5,71,54
5,95,80
9,72,67
1,77,48
2,83,61
6,96,83
5,95,82
7,90,78
3,98,78
3,88,70
2,73,48
3,50,26
1,70,46
5,57,42
5,62,46
7,99,91
4,61,47
3,82,61
1,57,31
8,79,71
3,86,66
2,80,52
4,86,71
3,78,60
1,59,32
3,52,33
2,84,56
8,40,32
6,91,76
9,43,40
8,63,60
3,75,54
5,75,59
7,84,74
5,41,29
8,67,61
5,65,50
1,62,36
5,54,41
4,75,60
6,66,56
3,45,23
5,74,63
2,78,54
6,77,64
6,74,64
5,75,58
6,49,38
7,69,60
5,92,79
1,80,57
8,77,69
4,68,51
9,91,86
6,98,90
1,82,57
3,78,61
3,89,71
4,43,30
6,44,34
7,43,34
4,75,58
6,98,85
1,84,55
8,55,51
7,64,53
9,53,51
3,50,31
2,68,44
1,73,48
3,61,41
5,53,40
2,95,72
3,63,41
4,98,78
7,78,70
3,65,41
9,82,78
8,75,70
4,78,61
1,55,33
1,97,71
1,77,51
1,98,72
8,71,69
3,45,21
6,73,61
3,95,76
5,47,30
7,69,59
2,66,45
6,46,39
6,66,53
3,64,43
6,95,85
5,85,70
2,80,56
9,54,52
8,64,65
3,61,39
8,57,48
9,51,47
3,62,41
3,90,72
2,84,61
8,78,74
1,64,38
8,49,42
7,69,60
7,49,35
3,73,52
1,85,61
4,52,32
9,93,95
5,68,53
1,77,54
5,80,70
8,84,78
8,48,42
5,52,33
9,76,75
1,53,26
4,76,58
3,48,29
2,47,29
8,78,70
7,79,67
9,93,93
2,42,21
4,94,74
6,95,82
3,86,65
8,79,75
3,72,55
2,71,54
3,46,26
6,58,48
2,73,49
8,53,49
1,89,64
7,86,81
2,85,64
6,95,82
2,96,74
2,58,32
8,90,83
2,93,68
7,98,90
3,65,44
8,56,51
7,93,86
8,67,62
7,58,48
6,66,56
7,87,79
5,91,74
7,96,82
1,58,32
1,72,46
9,90,88
5,46,35
5,68,56
3,94,74
5,82,67
3,44,23
9,69,67
9,88,86
6,82,70
1,95,68
7,97,91
7,47,42
4,81,62
8,51,44
6,81,67
4,52,35
4,65,46
2,57,31
2,81,59
4,90,71
5,91,74
8,88,80
6,59,49
4,55,39
7,76,67
8,42,38
2,66,47
7,54,41
2,97,75
2,73,53
8,84,81
2,61,37
9,79,77
1,62,36
9,98,95
1,88,65
2,43,18
6,90,80
6,93,81
1,96,73
7,80,74
8,62,57
2,86,64
8,99,97
9,48,42
6,63,48
5,60,46
9,80,79
9,85,83
1,94,70
3,92,73
9,55,56
2,95,71
4,94,76
4,64,49
2,65,43
3,88,67
3,84,63
1,48,18
6,54,43
8,78,72
3,72,57
5,40,25
1,44,15
7,95,88
1,48,24
9,83,81
8,45,40
7,67,60
7,84,73
5,65,52
5,67,53
5,79,65
1,54,30
8,45,39
1,66,43
4,77,59
9,43,38
9,50,44
5,60,44
4,69,53
3,57,37
3,74,52
5,42,30
1,51,22
5,66,51
6,92,82
7,69,63
9,60,58
3,77,58
2,60,38
3,99,80
9,77,70
7,79,72
9,54,48
2,57,36
5,91,73
4,68,51
2,87,63
9,77,74
9,99,98
6,60,45
6,56,45
8,80,74
6,90,81
1,57,30
4,96,77
7,94,86
2,76,58
9,99,99
8,77,69
8,51,47
7,50,42
4,87,73
2,91,71
3,88,68
6,59,47
5,48,31
8,40,31
6,97,86
6,42,27
1,60,32
4,62,41
5,48,33
3,93,75
9,58,57
1,84,59
6,94,87
6,85,72
5,91,78
5,58,46
5,62,47
6,66,58
8,66,63
2,78,56
6,75,62
1,51,23
4,94,73
3,66,46
9,85,80
3,73,59
6,72,60
1,67,41
6,70,61
4,71,51
8,89,82
9,59,55
4,79,64
6,74,61
1,70,44
4,97,81
7,70,64
1,77,53
8,61,55
6,84,72
5,80,65
9,48,44
2,91,70
5,48,34
6,54,41
7,52,43
5,61,48
9,55,46
1,71,47
7,41,37
7,65,56
4,53,40
9,98,96
5,77,63
4,73,58
7,47,36
4,75,61
3,60,39
9,95,90
8,85,79
1,82,58
7,95,89
9,67,64
8,85,78
8,83,79
6,87,72
4,45,26
8,59,52
3,70,49
9,72,66
2,83,59
2,46,28
7,47,39
4,48,31
8,41,33
9,56,57
7,91,83
5,84,69
8,76,71
4,81,62
2,83,58
6,56,46
9,92,93
1,77,48
7,74,68
9,99,97
9,86,82
3,78,57
5,69,55
8,45,37
8,43,35
4,90,72
1,76,51
1,74,50
4,97,82
6,96,84
8,48,46
6,45,34
9,52,55
9,98,95
2,61,40
1,67,42
2,69,45
5,91,80
4,75,60
4,41,21
9,97,95
8,75,72
6,47,35
1,84,58
2,81,59
6,89,77
2,48,23
5,40,26
5,52,39
6,89,79
6,54,39
6,71,61
2,73,47
3,82,63
6,70,61
8,53,51
1,93,68
1,86,66
2,53,29
6,87,78
9,94,94
4,68,56
3,86,68
8,58,50
9,66,62
5,48,31
9,76,73
2,76,57
3,82,60
7,67,56
7,91,88
6,96,84
6,63,48
2,67,41
6,75,65
4,91,74
3,57,38
2,64,40
1,74,49
5,43,30
2,53,29
2,78,57
7,65,58
8,47,40
8,63,60
4,55,41
1,59,34
7,54,46
1,46,24
4,97,79
8,56,52
2,61,36
6,61,52
6,93,84
9,51,50
5,57,47
4,95,81
5,85,70
5,86,77
8,54,49
8,76,70
2,55,28
7,44,36
8,41,34
6,91,80
5,67,51
9,96,95
3,80,60
4,93,78
9,66,65
6,70,57
8,80,75
7,75,69
2,86,62
3,82,63
1,40,11
9,89,91
7,68,58
1,40,15
3,47,24
4,96,80
4,55,36
5,97,83
3,67,49
3,61,41
1,57,33
7,61,52
1,80,52
2,51,31
4,58,38
4,64,45
5,89,79
2,98,78
4,44,24
1,98,72
2,73,52
1,78,50
4,98,83
4,49,32
7,86,84
9,96,95
9,46,43
5,99,82
1,76,54
1,86,59
6,91,78
2,99,79
8,91,87
9,54,53
4,81,65
5,63,48
8,65,61
3,65,41
5,85,75
3,65,44
3,97,79
3,49,29
7,56,44
7,92,85
7,53,40
8,41,36
5,87,72
5,52,36
4,66,51
7,48,38
4,46,28
2,87,59
4,49,30
8,95,88
9,93,87
3,48,27
7,61,51
9,62,59
4,46,23
3,87,71
5,48,33
1,66,38
3,63,45
8,68,67
8,56,49
4,59,44
2,46,22
8,82,79
8,79,74
4,46,26
3,67,49
2,58,33
9,59,53
1,83,53
7,78,69
5,79,65
8,46,37
4,45,28
7,64,56
5,80,64
5,98,83
9,52,50
9,78,77
9,79,79
6,61,49
6,88,77
5,56,40
9,87,83
8,61,53
7,73,66
7,47,42
6,88,76
5,84,75
4,57,40
3,63,45
3,99,73
6,93,84
4,99,84
6,81,71
3,41,23
4,41,24
9,66,64
5,53,38
7,87,74
2,78,58
5,92,78
9,92,88
3,95,76
9,51,48
6,71,59
4,67,46
7,94,84
8,67,61
6,85,76
5,64,49
6,43,30
5,65,47
8,75,70
1,89,69
7,42,35
2,40,20
9,56,55
1,46,19
6,87,74
9,44,42
1,58,34
4,78,59
4,85,67
9,73,70
5,74,61
5,88,76
6,55,44
1,79,50
1,89,68
9,86,87
3,78,60
4,66,47
1,80,55
9,77,73
8,89,87
2,89,66
8,64,56
7,65,59
6,95,83
1,53,26
7,53,41
7,53,45
9,64,63
1,75,50
2,43,15
9,86,79
9,54,49
6,71,63
6,57,42
4,53,32
4,97,84
5,40,26
3,81,62
1,59,33
1,49,28
7,49,36
1,98,73
1,63,37
3,73,53
4,67,48
4,66,48
2,79,54
1,40,12
3,72,46
4,43,24
3,46,26
8,48,42
1,55,28
2,44,20
7,73,61
4,99,80
8,62,62
3,82,59
6,89,74
9,64,59
1,96,68
1,90,66
8,52,43
3,63,44
5,50,34
1,91,62
5,90,77
6,56,44
8,76,69
3,52,35
3,66,50
9,59,50
4,72,54
4,81,59
7,71,60
2,47,25
8,95,94
6,68,53
3,79,59
9,58,53
5,45,29
8,83,73
7,99,87
8,78,72
7,87,82
3,80,60
2,60,38
7,96,89
3,61,45
3,81,57
2,49,27
4,49,31
8,91,86
1,68,45
1,55,30
5,40,28
5,56,43
1,69,43
6,65,52
1,92,68
5,85,73
9,58,56
5,92,78
6,60,49
8,56,52
1,85,62
2,79,59
9,60,60
3,92,71
6,80,68
5,79,68
2,84,63
7,88,77
4,58,43
1,99,77
4,46,28
6,56,47
7,40,34
7,76,64
7,96,88
3,45,21
6,65,53
8,41,34
4,98,83
8,71,67
2,96,75
9,87,88
9,93,87
8,44,32
1,76,50
2,70,50
6,51,38
5,74,57
9,69,64
5,87,71
2,45,19
4,54,38
9,54,52
1,55,27
1,59,32
7,52,45
3,83,61
2,81,57
9,85,83
3,70,48
2,73,50
8,68,61
6,42,29
6,48,37
7,50,39
7,50,39
6,64,54
4,61,46
9,81,78
6,97,83
4,85,64
3,48,26
4,59,41
3,98,76
2,60,35
5,49,39
2,61,39
6,68,54
3,48,28
6,44,30
9,79,81
1,50,24
6,40,32
9,92,87
4,81,66
2,40,13
4,97,76
1,93,68
3,78,57
9,99,98
5,85,69
6,44,34
3,88,68
5,61,47
8,65,60
6,92,83
4,45,25
2,71,50
9,87,87
1,50,22
1,49,22
4,86,62
7,78,72
1,94,66
9,73,71
4,70,53
3,51,32
1,90,65
4,83,65
9,55,50
6,77,66
6,42,29
1,41,13
2,91,66
6,44,32
2,50,26
3,97,75
4,64,46
5,74,62
9,74,69
4,61,43
9,76,74
3,61,43
8,94,86
1,50,24
9,71,67
9,74,71
2,70,48
4,84,64
8,92,88
7,47,39
1,59,35
5,81,67
7,73,65
4,43,27
1,57,32
9,90,89
5,43,30
2,59,37
8,97,91
2,48,26
3,55,32
1,65,34
2,77,51
7,64,56
2,43,26
6,80,73
3,98,80
4,84,69
8,80,73
3,77,55
6,92,82
1,58,32
7,53,41
8,60,55
8,54,43
3,42,20
1,76,50
9,92,90
6,89,82
9,85,85
7,55,49
1,53,24
1,48,25
6,86,76
5,46,33
9,53,48
2,45,21
8,60,58
5,54,40
2,91,67
6,47,35
8,73,68
4,79,66
2,40,16
5,71,57
2,97,73
2,88,64
6,90,77
9,44,46
4,69,50
6,61,50
7,59,51
6,55,43
8,46,40
4,46,30
1,89,63
7,89,82
3,41,20
6,86,73
2,53,32
9,70,67
1,89,69
6,80,67
6,53,44
5,44,29
5,50,38
1,79,52
5,44,25
2,68,46
7,50,42
3,44,24
4,88,70
3,93,78
3,71,51
4,75,61
5,54,38
1,58,34
4,61,42
8,73,68
7,95,87
9,56,53
5,51,39
4,64,45
8,95,89
9,56,53
7,49,39
7,67,59
5,96,81
4,57,40
1,90,64
7,57,53
1,84,56
1,71,44
5,53,41
9,95,91
6,55,46
3,89,65
3,97,76
7,57,50
6,55,45
9,56,55
6,46,33
5,51,37
7,73,63
1,49,24
7,44,37
3,60,39
9,42,41
6,58,46
9,84,78
5,83,69
7,74,71
4,45,28
7,53,45
1,43,20
7,84,81
8,90,85
5,57,42
2,68,46
5,74,60
6,91,82
2,77,55
6,55,44
6,59,47
1,63,41
1,74,48
3,83,62
3,90,64
4,58,40
2,95,70
9,43,39
7,72,63
7,41,32
6,52,37
3,97,75
6,84,72
8,69,63
8,73,64
9,69,69
1,90,63
1,93,65
3,63,44
3,87,65
8,83,81
1,72,45
2,80,59
2,88,67
3,49,34
6,57,46
1,58,35
2,46,22
1,96,72
5,58,47
7,63,55
8,54,47
1,80,55
7,81,74
5,62,49
1,91,68
3,91,72
7,43,32
1,77,51
7,43,34
5,44,33
1,80,56
1,83,54
1,62,33
9,79,78
3,92,77
5,76,62
9,50,51
6,94,78
9,50,46
8,52,50
8,53,47
1,99,74
9,47,47
6,64,52
9,57,54
3,90,69
3,83,64
6,83,69
9,57,58
7,49,37
3,46,26
3,99,80
2,89,64
9,83,78
3,53,35
5,54,36
9,55,55
8,41,36
2,69,46
3,69,51
2,57,30
8,70,68
6,83,69
6,87,78
9,52,51
8,59,55
4,88,72
4,89,71
9,74,69
1,62,38
2,81,61
2,72,49
6,77,67
4,74,56
3,90,68
3,75,60
3,59,34
6,94,83
8,42,37
7,47,42
4,79,62
4,98,80
2,71,46
1,68,47
9,46,46
2,41,13
8,60,55
9,45,42
4,67,51
8,87,81
9,81,75
5,75,59
7,71,62
4,84,65
1,81,51
3,92,73
5,85,68
3,48,28
7,50,39
9,62,55
6,89,76
1,50,24
7,88,81
3,41,24
5,42,29
4,50,37
5,89,74
5,98,84
6,74,64
6,97,90
8,54,46
8,82,79
9,50,48
8,70,65
2,67,46
1,67,39
2,71,49
2,64,39
3,59,40
7,67,60
2,64,43
1,50,25
6,58,45
9,67,64
3,40,20
6,98,87
3,44,23
1,49,23
5,81,67
4,85,74
7,73,64
6,75,66
7,41,29
5,57,42
4,52,37
7,90,82
7,44,35
6,59,46
8,41,40
4,50,34
5,69,52
4,71,52
1,71,50
8,97,91
1,89,64
5,77,67
6,94,85
6,67,53
5,49,35
3,61,41
5,94,81
8,56,52
2,61,39
6,82,72
9,58,55
8,56,49
8,63,60
8,75,69
7,71,63
8,97,94
6,95,86
2,97,75
2,85,66
8,98,97
1,91,71
6,75,59
6,67,54
4,53,34
3,97,77
3,75,60
1,45,16
3,48,30
4,60,42
5,51,36
3,97,77
6,69,58
5,70,58
3,79,60
6,95,87
6,43,30
8,70,59
2,66,42
1,97,70
4,96,82
7,64,56
3,44,24
3,45,27
5,44,33
5,90,75
3,66,45
9,47,45
4,48,30
3,54,29
2,75,50
9,96,95
4,80,63
3,46,24
7,71,63
8,47,41
2,86,69
7,90,81
5,54,40
5,76,66
3,58,40
5,78,63
2,45,21
4,98,81
6,58,47
1,96,69
4,67,47
6,56,44
9,81,78
2,58,36
7,70,60
6,50,43
2,54,30
8,49,43
7,82,75
5,62,46
5,42,29
7,42,33
9,57,51
9,64,58
9,82,81
6,59,49
6,97,84
3,68,47
1,61,38
7,89,78
4,96,77
1,54,29
8,78,76
6,49,41
6,60,51
2,94,70
1,91,63
2,68,46
4,71,53
2,49,25
1,52,26
7,86,74
8,62,57
6,89,80
4,62,45
6,70,56
3,43,19
8,91,86
2,88,70
5,99,85
1,42,16
6,60,47
2,92,65
4,41,23
6,43,29
8,40,36
8,54,49
6,96,85
4,72,56
8,45,39
8,46,40
1,58,33
4,83,67
4,40,19
7,78,74
7,58,47
8,84,77
5,65,52
7,83,76
8,51,42
9,61,56
3,52,30
3,67,47
4,53,34
5,61,48
1,69,42
7,83,74
9,59,58
8,83,75
5,66,54
4,77,62
7,98,88
5,81,64
7,91,81
1,95,69
1,80,51
3,73,52
2,78,58
2,80,55
7,96,86
2,83,62
4,76,60
2,40,15
6,93,82
8,54,52
4,71,57
5,47,34
4,72,55
3,57,39
5,84,73
9,68,64
8,71,67
8,72,67
8,44,36
8,57,52
7,87,85
8,97,91
8,49,42
8,75,74
7,72,65
1,62,36
4,79,63
4,44,29
5,73,60
6,63,50
4,56,40
2,70,48
6,46,33
8,56,51
8,67,64
7,77,70
6,61,49
2,54,33
7,76,69
5,54,41
6,89,79
8,89,81
8,64,57
3,92,73
7,60,49
1,94,64
1,77,49
7,41,31
9,66,61
7,88,81
5,71,59
8,60,54
2,43,18
9,83,80
6,58,43
9,41,39
2,65,39
3,73,51
8,53,49
1,54,27
7,59,51
7,73,64
1,75,51
9,58,56
8,48,46
4,46,28
5,69,57
2,52,28
9,66,65
6,83,71
3,74,54
7,52,44
9,54,52
3,85,71
2,95,74
7,48,38
7,84,75
4,62,43
9,93,90
8,75,69
1,92,67
1,79,52
5,42,27
6,73,63
3,58,41
9,67,67
6,62,47
4,79,61
7,88,82
8,84,75
9,46,37
6,80,68
6,51,37
8,53,49
5,85,73
3,54,32
3,42,23
6,54,43
2,90,70
6,63,53
6,91,81
8,85,84
7,47,38
8,44,40
9,90,88
6,43,32
3,53,31
3,55,35
1,59,34
5,63,49
4,45,28
9,94,91
9,96,90
5,70,55
4,45,27
7,74,67
6,54,41
4,68,53
2,42,15
1,50,26
4,42,22
4,67,48
1,49,19
6,89,78
4,72,53
1,87,61
1,55,30
1,98,70
8,49,42
8,72,67
2,75,51
7,42,35
8,44,38
8,51,44
7,96,86
5,83,68
1,52,25
9,63,59
7,83,74
2,96,73
6,71,61
2,55,32
1,71,41
7,84,72
2,76,51
2,95,72
5,75,60
5,60,46
7,86,77
1,51,23
8,90,82
3,60,37
4,99,80
9,90,87
4,60,41
5,82,67
7,92,81
4,45,30
1,48,19
9,40,39
4,51,34
9,97,93
6,53,43
1,45,21
3,40,17
2,61,40
9,73,68
1,95,74
9,50,45
9,42,38
8,81,76
8,45,38
1,45,18
8,59,54
3,60,42
7,41,31
1,65,42
1,70,44
5,65,54
5,95,83
8,71,64
7,49,38
8,62,57
6,97,83
6,45,34
2,62,39
6,67,56
5,88,76
3,69,49
6,53,41
8,76,69
9,94,93
1,71,44
3,88,73
3,73,56
8,80,70
1,83,56
5,90,77
3,61,40
2,70,47
8,46,40
3,80,62
7,60,57
1,55,26
6,59,47
3,82,59
8,83,78
6,86,77
2,89,67
6,58,49
7,87,80
5,71,54
3,54,30
4,44,29
4,50,31
6,54,42
1,68,39
4,89,70
4,84,69
1,43,18
9,88,89
4,75,56
7,87,78
3,62,44
3,54,36
8,85,76
8,83,79
1,42,12
2,71,48
8,49,46
1,79,54
8,77,69
8,61,56
2,53,26
4,56,39
6,60,48
9,90,92
8,87,81
8,54,46
7,97,89
9,54,51
2,40,16
3,63,40
8,94,90
6,94,83
9,51,46
4,49,32
8,85,82
3,81,63
3,81,59
8,91,89
5,70,55
3,50,29
1,93,68
3,55,32
9,48,44
5,86,75
2,53,33
7,58,49
2,70,47
4,48,35
7,75,67
4,92,77
7,78,65
7,93,86
1,65,40
6,47,37
9,63,57
2,47,23
3,58,42
5,86,73
9,87,88
4,69,53
1,97,72
4,61,47
6,94,81
5,48,30
1,97,68
4,97,83
6,83,73
4,87,67
9,43,45
5,76,61
8,47,43
9,40,37
5,67,54
6,45,29
1,86,59
7,75,67
4,92,73
2,50,29
5,44,29
3,89,67
6,63,51
8,86,80
7,57,48
3,59,42
8,67,57
2,52,31
9,44,38
4,69,55
1,40,16
8,61,53
7,57,51
5,85,72
5,44,33
7,70,62
5,45,30
8,66,63
6,95,84
5,64,49
9,68,66
2,67,44
1,55,30
8,93,88
3,92,79
7,51,41
8,59,55
6,57,47
9,73,72
7,94,83
5,92,79
8,62,56
2,84,65
7,66,53
4,88,73
9,56,57
1,87,66
7,60,52
6,89,80
8,79,75
5,70,57
1,42,13
1,56,28
9,89,85
6,97,86
5,65,54
1,62,36
6,45,37
6,67,57
3,47,25
8,94,89
1,97,71
1,84,56
6,47,36
1,58,28
6,77,66
1,68,41
6,62,49
3,86,71
8,71,65
6,49,37
1,66,41
5,88,74
8,40,31
3,78,57
6,68,58
5,98,82
6,84,74
1,42,21
7,90,81
9,86,87
2,76,53
5,70,56
4,50,35
6,61,47
6,57,48
2,74,52
2,45,19
4,42,27
1,44,22
9,48,41
7,67,58
7,58,49
3,67,43
3,66,43
1,52,27
3,77,61
3,82,63
4,92,77
4,60,39
3,66,45
8,85,77
8,45,34
1,77,51
7,88,82
2,50,23
1,86,62
3,80,60
4,92,75
6,56,43
5,95,82
4,78,65
8,46,39
4,69,50
2,60,43
3,40,19
6,64,49
8,71,64
8,98,92
9,96,93
7,47,39
2,44,20
8,69,61
7,90,77
8,47,42
3,88,72
7,58,46
9,83,83
3,98,84
6,94,83
2,69,45
2,54,31
5,75,62
5,94,84
7,83,76
2,66,42
7,52,46
5,53,38
6,76,69
8,93,88
4,87,70
7,69,61
6,78,66
2,86,63
8,52,46
9,97,95
5,55,41
4,83,62
6,46,31
8,87,81
3,94,76
1,94,70
4,66,51
4,84,69
1,94,69
9,74,71
3,54,34
5,67,51
6,74,60
8,46,43
6,89,74
3,85,62
6,89,80
1,90,67
4,85,65
6,59,47
7,71,63
3,77,57
9,79,82
7,71,60
1,65,38
2,97,78
1,78,54
9,59,59
9,57,55
7,89,84
3,54,32
5,91,75
4,61,40
7,90,85
9,61,56
2,92,67
8,60,56
9,41,38
9,79,79
7,92,81
9,82,80
9,57,57
3,62,38
4,52,36
2,80,58
3,48,28
5,88,74
5,46,32
6,80,68
7,93,83
7,40,33
1,41,15
2,43,16
9,53,48
2,71,45
6,75,60
1,41,16
3,79,61
2,89,67
3,90,70
5,53,40
6,59,49
9,64,63
4,81,63
7,88,82
6,47,33
2,67,41
8,85,83
7,60,53
7,62,53
8,71,66
1,47,25
1,70,44
8,76,66
4,55,34
5,79,67
8,81,74
5,66,52
4,79,64
6,80,71
5,57,39
7,74,66
7,88,78
4,91,75
5,54,37
3,92,71
4,66,47
4,56,37
3,79,63
5,41,26
5,88,71
7,89,80
4,70,54
4,76,57
9,80,75
6,80,67
4,73,57
2,73,52
6,90,78
2,94,72
5,98,78
6,42,30
4,56,40
3,53,35
7,53,41
2,85,61
6,77,69
4,74,55
6,40,24
4,87,72
4,68,52
4,43,26
9,72,66
7,56,45
3,67,47
3,89,68
6,65,49
6,47,37
4,73,61
9,98,97
4,57,38
9,70,69
4,98,79
2,66,45
2,55,29
5,97,86
4,49,29
7,79,72
5,51,37
6,61,51
4,55,39
2,51,24
9,50,47
7,59,52
4,90,75
3,40,18
3,66,44
9,42,37
5,51,37
3,69,50
5,48,34
2,92,68
4,93,76
2,76,53
2,40,16
8,81,70
1,88,62
7,43,33
5,54,40
8,90,85
1,66,43
7,47,40
5,99,83
4,99,86
7,62,54
2,54,32
1,66,40
1,70,45
1,78,56
5,86,71
7,47,38
2,69,45
8,97,93
4,94,73
3,81,63
8,57,54
2,43,18
3,86,65
3,82,64
1,61,35
6,42,31
2,54,26
1,74,46
2,86,65
6,77,72
4,72,59
6,53,39
9,87,85
8,40,35
1,92,67
8,88,78
9,65,64
6,47,34
5,89,70
6,55,42
6,77,61
9,49,45
4,81,66
2,76,56
9,65,63
2,67,44
9,51,46
2,59,34
8,88,85
9,53,46
9,85,84
9,74,74
2,68,41
4,51,30
7,91,82
2,57,30
1,83,59
3,41,17
4,41,26
8,98,94
6,56,46
2,49,26
9,57,54
2,61,42
5,58,42
4,97,80
7,92,85
8,40,26
5,63,52
5,75,60
2,64,40
8,75,68
2,70,49
6,70,59
8,41,32
6,58,47
4,92,77
4,51,36
6,49,38
4,70,50
8,84,77
9,61,59
1,62,37
4,91,72
4,62,41
2,54,34
6,65,54
3,42,21
7,62,50
5,59,49
4,84,71
5,79,64
8,96,90
3,78,57
7,95,84
6,47,36
1,57,34
7,80,70
7,45,39
1,66,42
9,75,69
6,54,44
2,76,54
5,97,87
4,44,28
7,78,70
8,48,44
1,46,23
5,80,61
3,59,43
1,49,22
3,65,47
6,43,31
7,77,71
8,63,59
4,53,37
3,80,58
5,40,24
9,56,52
6,84,74
9,63,60
6,66,59
2,46,20
5,48,33
9,82,80
8,74,67
7,97,90
1,51,29
4,60,44
7,42,37
7,54,45
6,60,50
8,49,44
6,72,59
3,85,60
4,98,78
3,91,73
1,45,20
5,41,26
1,68,42
1,94,71
2,79,57
4,72,55
6,43,29
8,98,96
3,43,23
1,68,42
3,76,54
3,99,83
5,99,91
4,59,42
4,80,65
9,62,60
7,84,77
4,57,41
3,88,67
6,64,53
3,40,21
6,93,82
9,54,52
6,73,60
4,87,71
5,59,45
6,93,82
3,76,57
8,66,63
4,61,41
8,90,84
3,44,24
7,73,63
9,78,79
4,42,20
8,56,50
3,63,43
7,63,56
3,42,21
7,84,76
6,46,34
2,64,42
3,95,78
6,42,28
4,54,39
6,68,56
1,89,63
1,68,38
3,49,29
8,71,67
8,62,57
4,78,63
6,48,38
8,76,68
7,91,82
7,79,70
4,53,32
9,43,43
6,59,49
3,67,49
5,53,36
5,83,69
5,73,57
8,52,47
9,70,69
9,72,65
6,91,84
6,78,66
9,67,60
4,64,44
6,71,61
4,48,30
1,67,39
7,97,85
6,70,58
9,56,53
7,92,86
7,62,55
2,52,32
9,94,94
9,49,41
6,55,43
3,45,25
1,87,64
4,50,37
3,97,79
1,91,62
3,42,21
4,67,49
8,80,77
9,54,50
3,99,79
6,52,35
5,81,66
6,91,74
4,95,77
6,84,72
7,56,48
9,46,42
7,67,59
6,77,66
1,52,27
2,99,75
1,56,31
9,54,51
9,75,74
7,67,63
2,54,31
6,85,79
4,92,77
1,50,26
1,95,69
5,70,56
2,43,18
4,74,55
1,73,45
4,91,74
6,66,56
4,49,34
1,69,44
7,84,73
2,59,38
9,68,64
3,97,75
8,92,84
8,68,62
3,62,41
4,96,81
2,89,66
4,60,45
9,87,84
2,82,60
3,49,26
4,80,64
5,51,32
1,69,48
7,90,83
7,72,62
9,57,55
4,53,36
6,61,52
2,60,35
4,40,21
2,88,67
5,82,71
7,91,87
1,99,70
7,54,43
6,75,69
6,86,75
8,93,85
8,61,56
6,71,55
3,97,78
5,85,71
2,93,68
5,72,60
9,97,95
1,80,51
5,98,84
6,78,68
7,62,54
9,82,79
6,94,83
5,41,28
7,41,31
1,77,50
5,94,79
2,90,64
4,68,53
7,91,81
5,85,70
6,99,85
2,42,20
3,78,60
7,46,36
2,75,49
6,68,56
5,94,79
1,76,53
4,88,70
2,97,74
4,75,60
1,62,32
2,84,59
8,55,48
6,87,74
2,70,46
6,73,63
9,89,87
7,40,29
9,57,51
5,97,81
7,79,70
7,82,75
3,95,75
7,95,85
1,54,28
9,87,84
6,88,76
5,56,43
7,83,73
5,49,33
5,59,45
7,45,38
7,47,39
3,84,67
3,73,53
3,71,50
6,90,80
6,93,80
3,81,60
3,43,23
8,83,80
8,89,83
7,78,72
4,59,46
4,63,45
3,63,42
5,94,78
3,65,43
8,64,55
7,75,67
3,46,28
9,49,48
5,97,81
9,86,84
7,51,41
7,40,31
6,91,83
2,89,70
9,64,57
6,55,45
8,44,37
1,58,33
5,43,28
1,45,16
8,65,60
8,88,81
1,78,54
9,95,94
2,94,74
9,78,76
1,48,19
9,84,83
4,91,73
9,53,52
7,87,81
6,94,84
5,48,35
9,54,53
2,76,55
2,89,66
9,92,87
3,59,43
8,47,39
9,71,68
8,86,81
4,60,45
1,96,75
4,80,64
9,58,54
2,68,45
3,97,75
8,70,64
6,93,81
8,45,39
7,43,38
5,82,72
9,68,67
4,81,66
6,42,32
2,40,17
2,83,59
2,94,70
7,54,41
2,86,62
2,60,38
9,85,81
7,97,88
3,70,46
3,46,25
7,56,48
5,95,81
6,58,49
8,78,72
9,99,96
1,42,17
3,69,48
7,74,69
6,97,85
7,96,85
8,68,64
6,89,79
3,91,74
2,93,69
7,53,44
1,74,50
3,67,48
4,97,77
1,69,46
5,65,51
3,46,23
2,78,56
3,70,47
8,44,42
6,74,64
7,89,80
6,86,73
6,91,80
3,53,34
8,75,69
7,66,54
7,63,56
6,79,66
5,68,53
8,92,89
5,84,70
9,61,59
9,47,41
1,54,28
6,88,75
7,44,34
3,91,68
7,43,32
7,50,44
2,57,35
7,81,74
1,88,64
5,69,57
9,54,46
7,45,36
7,94,85
2,92,71
8,55,49
3,86,71
8,79,76
3,48,26
7,82,74
2,98,78
4,73,59
6,66,55
9,52,51
5,75,57
9,66,63
5,48,37
8,44,41
1,90,67
7,61,56
4,70,51
5,42,26
6,69,56
5,60,48
1,74,52
9,45,42
2,67,41
9,71,64
2,81,57
9,76,72
6,64,52
9,71,67
6,74,61
6,61,51
2,63,42
8,78,71
3,93,74
7,69,62
5,89,76
3,71,50
1,70,42
8,62,55
3,79,60
2,72,52
1,64,36
4,75,53
8,63,54
3,70,47
1,97,70
4,78,62
9,85,82
1,52,26
2,49,25
9,62,55
2,57,34
3,71,51
7,72,63
3,75,54
9,67,62
6,55,43
3,55,34
9,57,56
1,47,24
3,81,65
1,55,31
2,94,72
8,95,90
7,50,43
2,45,23
2,40,18
9,51,44
6,96,84
5,77,62
6,67,56
9,84,87
7,97,89
9,56,55
4,40,18
2,71,46
8,47,42
4,93,72
9,79,75
4,95,79
8,82,78
9,85,81
9,63,63
4,49,35
1,86,63
3,78,59
9,78,76
4,49,33
5,75,62
7,64,58
5,99,82
4,89,73
2,98,75
2,96,71
4,49,30
9,58,58
8,85,80
3,84,65
9,54,51
5,55,44
3,41,23
5,68,56
4,43,25
8,92,89
5,89,75
8,68,60
9,70,64
4,56,40
7,49,37
2,66,42
6,92,78
8,80,72
7,54,44
7,99,89
8,83,77
7,70,62
5,60,46
7,99,94
3,98,80
5,97,83
7,80,74
9,85,85
2,84,61
4,99,85
7,65,58
1,77,52
2,90,69
9,75,78
7,91,82
7,56,47
6,90,79
3,42,21
3,53,33
2,88,65
6,52,35
4,80,63
5,66,50
3,40,18
6,96,88
3,56,35
8,87,82
9,89,87
4,73,59
9,53,56
7,93,86
3,94,70
7,98,90
1,56,28
3,42,21
6,73,64
4,79,61
7,64,54
3,41,20
1,73,49
9,65,65
6,70,61
8,48,40
3,69,49
8,59,52
2,60,38
4,68,51
3,98,76
1,64,42
7,77,68
2,97,77
4,83,65
9,64,63
6,48,35
8,78,71
2,83,64
7,65,53
6,96,87
9,76,71
7,55,43
1,76,54
8,51,44
3,63,45
2,65,42
3,59,38
6,48,36
3,62,43
5,78,67
6,68,58
8,70,64
7,58,51
8,59,57
3,62,40
4,82,68
6,66,58
7,69,63
9,60,56
1,83,60
8,74,68
8,88,82
6,46,33
4,61,47
3,49,32
3,62,39
6,54,41
8,69,61
7,73,63
1,52,27
6,99,88
7,43,35
7,57,48
9,95,95
5,62,48
1,72,45
2,73,49
4,73,57
5,75,61
9,74,75
1,56,26
3,67,47
5,53,37
3,73,55
4,87,73
3,50,30
4,96,80
1,52,24
8,72,66
4,96,77
7,94,86
2,41,13
2,73,52
6,92,80
2,68,44
6,76,68
2,43,23
4,51,36
7,65,58
8,97,91
3,67,48
9,42,40
2,59,33
8,49,46
8,91,87
4,57,39
1,92,70
1,92,67
2,92,68
9,66,61
2,70,51
2,66,43
6,81,70
7,40,34
7,45,33
9,50,46
6,73,60
8,78,73
6,59,47
2,92,67
1,60,37
5,60,44
9,57,55
8,60,52
4,58,42
5,43,28
5,52,31
6,57,42
3,91,71
5,68,54
2,64,42
1,95,68
1,52,27
7,66,59
2,99,77
4,58,43
5,88,73
7,40,31
2,77,55
6,58,49
1,91,65
7,40,30
9,79,75
5,56,43
5,60,49
4,61,44
3,54,35
9,89,88
5,78,65
8,87,82
9,78,76
5,71,54
9,88,90
2,43,23
9,83,79
4,84,65
6,71,59
6,43,28
6,92,79
2,40,11
7,72,61
6,46,36
1,48,22
2,40,20
7,55,45
1,57,32
1,93,68
1,86,55
8,45,38
4,41,23
4,48,33
2,43,22
1,84,60
9,62,58
7,93,84
4,82,67
6,84,79
2,82,61
7,90,80
2,47,27
8,78,72
8,64,61
1,55,25
8,74,67
2,56,33
6,57,46
1,99,73
5,66,54
7,54,44
1,99,74
2,56,31
7,82,73
6,44,34
3,55,36
2,54,27
4,81,66
3,85,66
7,73,64
8,87,82
2,58,34
7,47,38
8,86,79
6,49,35
6,44,33
1,91,65
4,87,69
1,92,66
4,65,45
2,61,37
5,83,71
9,62,59
3,52,32
8,48,40
3,88,73
6,59,48
4,67,52
8,83,79
6,96,85
8,76,72
1,63,39
6,83,72
1,72,51
1,59,36
8,99,89
7,87,82
3,69,51
6,83,75
9,48,44
7,84,72
3,88,66
6,56,41
4,75,59
3,53,31
9,58,54
2,46,23
1,98,75
2,42,21
7,72,69
1,83,56
6,71,60
7,86,79
9,50,47
8,81,72
6,41,31
3,65,45
8,43,40
7,56,46
3,56,38
9,67,64
2,69,46
3,79,58
2,62,37
1,85,62
4,63,49
5,68,53
6,43,30
5,77,59
1,68,40
3,58,37
1,66,41
5,68,56
5,95,81
6,75,66
8,74,71
1,91,64
4,45,31
1,98,72
9,62,57
7,78,67
7,85,76
5,83,68
7,87,78
2,91,68
4,47,25
7,94,86
3,41,15
2,52,28
2,79,58
1,96,72
5,60,45
6,70,59
6,91,78
9,87,84
4,75,56
1,87,62
6,91,78
5,77,62
6,66,54
3,75,57
2,87,61
6,62,49
1,94,71
7,60,55
7,52,44
7,76,68
1,86,60
4,65,45
7,79,72
9,46,41
5,85,73
2,78,57
7,61,55
1,78,53
7,62,53
6,97,87
7,69,61
3,57,38
3,81,60
7,57,49
2,85,64
1,49,23
9,78,72
9,69,71
7,65,59
7,46,38
3,46,24
2,44,18
7,40,33
9,85,81
1,57,30
4,52,32
6,64,50
7,79,73
7,47,38
2,49,28
4,71,57
5,56,41
1,77,52
1,54,26
3,54,28
3,96,74
8,87,81
9,79,81
1,90,61
2,59,38
2,54,29
4,74,57
2,45,21
7,69,57
9,96,94
7,47,39
6,70,59
1,87,64
9,86,83
5,71,53
5,84,70
6,97,92
9,91,92
8,54,47
8,57,51
8,52,45
1,63,34
1,79,50
8,53,45
5,67,54
9,50,52
2,45,20
9,95,93
8,64,53
9,40,35
4,64,48
1,41,18
1,71,43
5,52,36
2,72,51
8,71,65
5,95,81
5,63,45
2,66,46
7,43,32
8,63,60
1,62,33
2,68,45
4,73,54
5,60,46
2,69,49
1,65,38
9,59,53
1,55,30
4,42,24
2,88,69
4,76,57
8,97,94
8,79,77
9,83,79
5,64,50
7,62,52
3,83,64
4,98,86
9,40,33
1,72,47
2,54,31
5,56,42
3,73,54
2,56,33
1,91,61
3,97,78
1,80,55
1,83,59
1,43,20
8,52,43
3,43,19
1,46,17
7,85,73
3,98,72
8,48,39
4,62,44
4,72,52
5,72,58
6,59,45
7,43,36
4,40,22
8,93,86
6,81,68
1,73,47
1,66,40
9,60,58
6,63,53
8,54,46
7,74,66
6,64,49
4,94,77
7,48,36
9,56,55
7,60,49
1,99,76
9,52,45
4,42,28
3,43,25
4,43,27
4,82,67
2,67,44
1,46,18
1,65,37
8,50,43
2,63,43
5,82,66
4,49,34
8,76,77
2,52,31
9,83,80
7,81,71
7,78,69
1,58,34
2,90,69
4,58,44
4,51,30
3,91,73
7,61,52
8,86,81
2,76,52
4,95,77
3,69,44
2,85,62
6,51,44
4,68,51
6,60,48
2,50,30
4,99,82
6,76,61
5,87,72
3,97,78
8,57,53
7,83,78
3,98,79
6,66,56
4,76,58
5,87,72
5,51,37
7,62,56
5,73,59
3,77,54
5,62,47
7,92,84
5,64,50
5,43,27
9,69,67
3,69,48
6,52,42
1,81,55
5,88,73
8,53,46
5,95,81
9,86,82
6,47,35
8,94,92
8,63,59
3,57,35
7,74,65
7,64,53
6,56,45
7,71,61
2,95,74
9,63,60
1,46,23
1,52,25
3,66,45
3,87,68
1,44,21
7,75,65
4,65,45
2,81,58
5,84,76
6,70,57
9,49,46
4,85,68
2,65,40
5,61,45
3,51,31
2,71,50
1,66,43
2,72,50
6,92,80
8,91,90
3,59,38
9,78,73
9,80,78
2,79,54
8,98,92
5,52,39
4,53,41
5,83,71
4,79,65
8,92,87
4,61,47
6,57,42
2,87,62
5,68,54
6,82,71
5,55,42
2,85,64
7,74,70
4,92,77
8,73,62
7,42,28
7,43,36
9,93,92
1,44,18
6,49,37
6,91,81
6,68,57
6,71,61
7,70,62
6,41,27
1,51,26
3,66,48
2,44,18
6,76,66
8,66,59
3,62,41
8,72,64
8,43,40
5,98,84
8,60,51
6,63,49
5,83,67
9,70,70
7,83,75
8,87,80
1,63,35
2,88,65
8,92,86
9,49,45
4,88,69
9,88,86
4,89,75
9,41,39
7,70,59
2,64,42
9,43,42
4,90,70
8,50,48
7,56,49
7,83,78
8,41,34
1,45,18
5,48,33
2,44,20
2,59,35
1,68,46
5,60,42
2,48,23
4,67,51
3,94,75
3,47,27
2,70,48
6,59,45
2,66,40
8,47,42
8,93,90
5,60,45
7,67,55
4,62,45
1,45,20
2,42,15
4,44,28
1,48,25
8,46,39
9,99,96
4,43,24
3,78,63
2,44,19
5,50,31
3,54,35
7,73,65
6,52,41
1,93,65
8,87,83
2,46,22
5,79,68
9,45,40
8,95,92
2,78,54
9,89,90
5,69,57
6,61,47
3,64,43
3,67,50
8,93,91
2,59,34
2,78,54
5,42,26
6,44,34
2,40,18
5,54,38
7,65,57
8,42,34
7,79,68
8,96,92
9,80,77
5,86,71
5,81,67
4,73,59
9,91,91
5,44,29
2,70,48
8,90,90
7,52,48
8,82,77
3,40,20
4,61,42
5,54,37
6,65,52
1,57,33
4,87,72
5,48,34
7,40,33
5,82,71
1,48,25
7,62,55
8,82,76
7,84,76
4,97,81
8,41,35
5,53,35
9,77,74
5,79,66
1,57,31
9,55,54
5,92,79
6,68,58
4,83,66
6,50,36
8,45,44
3,42,26
5,53,37
2,99,82
2,41,18
7,71,66
6,70,60
4,50,32
5,61,51
1,42,18
7,89,82
8,70,66
9,72,69
8,63,59
5,40,26
3,83,63
9,54,52
6,76,66
5,66,51
3,77,54
6,87,77
3,66,45
6,83,77
4,51,32
2,42,15
8,69,62
4,71,55
9,62,59
7,41,32
2,46,21
4,73,56
5,71,55
3,92,74
9,78,74
5,71,56
2,82,58
3,82,64
9,53,49
7,42,31
2,85,64
9,71,63
4,82,66
9,75,73
2,56,38
4,87,70
5,42,27
2,96,72
1,49,21
7,92,85
1,86,62
8,79,73
3,57,32
6,42,30
7,78,64
1,49,25
6,91,82
7,48,41
6,85,71
4,94,79
1,85,59
9,50,45
4,99,84
7,72,62
7,75,65
2,65,43
1,66,39
8,77,70
8,61,54
7,65,55
8,61,55
3,44,25
2,74,52
7,41,31
8,74,68
1,48,19
9,90,87
4,90,71
4,88,74
3,57,35
6,82,69
1,51,24
6,42,29
2,57,34
9,95,93
2,77,52
7,46,37
1,72,49
7,45,38
5,57,44
8,84,75
4,61,44
7,90,84
6,78,65
5,90,75
4,48,29
7,74,67
5,62,50
5,51,38
1,91,66
2,63,42
5,89,76
3,79,64
2,48,26
4,52,31
4,79,63
4,93,77
4,81,61
3,56,33
7,46,39
9,56,52
5,94,82
4,89,73
2,63,37
2,41,16
5,74,59
7,67,59
9,58,56
7,72,59
5,60,46
6,92,80
3,49,30
5,92,78
8,85,81
1,84,57
1,48,24
7,77,66
5,45,31
5,90,73
1,92,66
9,81,78
1,94,66
5,74,57
9,57,50
4,92,77
8,58,54
6,44,30
3,64,43
4,50,34
2,49,26
1,56,36
8,75,69
1,65,39
1,70,44
4,71,56
6,60,47
9,57,56
1,99,73
7,57,48
5,40,24
8,53,49
7,47,41
4,41,24
4,90,72
6,54,45
6,99,92
9,73,68
5,75,62
8,40,36
5,90,77
2,60,40
6,81,69
9,40,38
3,71,50
1,59,33
1,93,69
3,86,63
5,75,59
3,78,54
9,69,65
8,46,41
3,61,41
9,96,94
6,89,80
7,84,74
4,49,33
4,95,78
2,47,21
5,66,49
8,49,43
7,53,40
7,85,77
6,98,84
3,91,74
5,93,78
1,50,21
7,45,34
9,60,54
1,72,47
2,58,36
3,78,53
3,63,45
8,57,52
7,74,66
6,91,79
4,82,63
9,76,72
1,58,33
2,92,70
4,63,47
3,95,73
1,73,50
5,61,48
7,43,33
2,96,72
5,49,31
6,41,32
7,47,34
1,72,41
7,98,91
4,77,61
8,82,75
4,98,80
6,67,57
9,49,46
5,84,71
4,40,21
8,73,69
9,42,37
4,48,32
3,44,26
8,81,74
5,49,34
2,51,24
9,57,53
3,97,74
2,60,37
1,60,31
8,40,29
3,42,21
7,44,37
1,64,37
1,97,73
9,88,87
8,47,45
3,56,32
6,48,35
3,71,52
4,45,27
1,88,65
5,79,64
1,60,30
1,46,22
7,46,35
6,86,72
2,78,55
2,93,71
7,66,60
1,47,19
2,48,25
8,67,55
6,54,41
2,41,17
7,46,36
4,86,71
2,57,35
6,61,48
9,89,82
9,49,48
8,93,86
3,89,69
3,72,50
2,46,22
5,42,25
4,53,33
7,83,71
4,85,70
9,75,71
2,52,28
6,55,44
7,55,46
4,93,76
6,44,29
7,91,84
4,64,47
8,77,70
9,77,73
1,89,63
7,77,68
9,78,74
5,95,82
2,95,77
6,87,77
7,80,71
2,65,39
2,98,77
1,52,25
4,83,63
7,90,80
9,65,62
3,94,75
7,94,88
7,40,31
7,47,36
2,43,21
6,60,50
2,61,40
6,90,81
3,92,75
2,97,76
6,76,66
2,88,59
5,42,26
2,58,33
3,40,19
3,68,49
6,62,50
6,72,56
3,94,74
3,91,72
1,80,53
7,62,60
8,44,35
2,46,22
4,96,80
7,97,88
8,45,39
1,88,63
4,61,44
6,88,72
3,52,33
5,51,39
9,43,45
3,47,23
5,76,63
8,70,63
6,76,63
4,84,64
8,65,62
3,82,64
3,47,28
4,79,60
9,72,70
5,84,70
8,68,60
6,44,33
3,67,46
8,92,88
9,79,78
8,56,47
4,94,75
6,62,51
1,84,61
4,48,29
8,41,36
1,71,44
3,90,75
1,91,63
9,88,85
2,70,46
9,46,44
4,69,55
2,97,76
4,42,25
6,90,74
7,90,79
3,95,75
3,48,28
8,49,44
5,85,72
4,89,72
7,97,94
7,86,79
9,65,64
9,40,35
5,69,54
8,96,90
1,77,52
9,54,50
8,64,58
6,45,33
3,57,38
3,40,17
8,95,90
5,42,32
7,56,46
5,87,76
8,47,45
4,99,81
2,88,66
3,79,59
8,56,54
7,64,59
2,80,55
6,51,36
9,68,66
4,64,47
9,90,89
2,75,50
2,92,69
9,93,94
7,64,54
7,68,60
1,50,22
6,99,84
7,43,34
6,53,40
6,85,78
2,77,56
6,56,45
4,41,23
9,47,45
1,75,50
8,49,37
5,46,29
1,75,44
4,55,38
1,53,24
6,55,43
2,64,39
5,80,70
7,43,37
2,68,47
6,95,85
6,45,32
5,40,24
5,78,60
3,40,20
2,90,66
7,79,74
1,96,70
6,42,25
6,40,25
3,40,20
2,78,59
2,60,33
9,84,81
5,69,51
7,71,64
5,72,58
7,87,78
4,61,43
8,69,64
7,93,85
5,85,73
6,43,32
5,62,46
7,94,85
2,83,64
5,64,50
3,51,29
9,56,53
6,92,83
3,54,36
7,49,37
4,74,57
3,94,75
8,91,84
4,91,74
1,68,40
6,51,37
1,40,11
5,40,28
7,49,40
6,57,47
2,86,65
4,41,22
2,88,66
1,47,19
3,61,43
3,61,41
7,65,56
1,65,42
9,48,45
6,60,46
4,70,51
3,91,74
3,82,67
2,45,21
2,95,73
5,53,39
9,72,69
2,46,24
2,63,36
6,48,38
2,50,29
4,95,72
6,62,48
5,87,71
1,90,61
6,41,29
1,54,31
3,74,56
5,75,62
5,91,78
6,93,83
8,67,65
5,78,65
1,83,59
5,43,26
3,49,32
4,45,27
8,96,89
7,69,57
5,93,77
2,85,65
6,74,63
6,88,78
6,82,74
9,49,41
8,97,90
8,92,88
1,71,47
5,81,66
7,81,75
6,42,29
5,95,80
8,65,59
3,54,34
6,56,47
5,66,53
8,57,50
4,90,72
8,58,54
2,51,28
9,63,59
9,44,40
6,63,55
4,66,49
4,87,70
6,69,57
5,54,39
6,86,75
7,98,87
7,77,70
9,83,76
8,73,68
6,66,53
6,59,48
5,80,63
1,71,47
9,43,38
9,44,43
9,92,90
8,97,95
3,47,24
1,61,35
8,81,75
7,46,37
5,61,46
7,85,80
4,69,55
9,76,71
2,55,32
9,54,51
9,44,43
5,42,23
1,62,37
7,49,40
4,44,24
9,62,60
6,54,44
3,57,34
6,64,51
6,47,39
5,70,57
2,60,36
2,41,16
7,61,52
2,47,25
6,62,51
5,71,56
4,47,27
7,43,33
8,69,60
4,58,39
1,62,41
1,57,35
1,92,67
1,68,39
5,62,51
4,72,56
9,91,93
3,86,68
7,57,49
8,93,88
6,83,72
1,72,44
8,46,41
3,90,69
8,67,66
4,40,20
8,95,92
1,78,53
3,73,50
6,78,70
9,58,51
2,70,45
1,52,25
3,96,75
4,63,45
5,44,29
3,62,43
2,58,38
2,40,16
7,72,61
9,98,95
2,89,65
7,95,85
7,72,66
7,71,61
3,98,79
7,67,59
1,76,52
1,80,56
5,51,37
2,48,29
9,89,84
7,94,87
4,50,36
4,72,56
2,58,34
5,93,77
4,96,80
1,81,59
8,73,68
3,46,26
6,70,57
4,91,72
9,41,36
7,58,51
9,77,76
3,71,51
1,49,28
5,80,69
3,47,30
6,65,56
8,69,64
4,50,33
5,80,67
5,59,45
4,99,84
4,59,40
4,48,33
4,47,31
4,99,81
5,54,38
2,73,48
2,63,39
9,72,71
2,80,55
6,80,70
2,84,65
5,79,65
4,66,49
7,60,49
7,44,35
6,74,62
5,60,48
1,43,18
3,88,70
9,87,83
1,55,29
5,96,79
2,70,49
4,65,49
1,91,63
3,74,50
7,45,36
3,72,53
4,60,39
2,55,32
3,86,69
9,78,74
3,73,55
5,81,72
2,96,72
4,99,86
7,54,47
7,45,34
3,41,24
5,63,51
1,95,73
1,88,68
5,67,52
9,40,38
1,40,11
1,67,41
4,75,57
4,59,41
2,87,62
9,47,48
9,40,37
2,65,41
9,90,91
6,82,73
8,88,82
4,64,44
2,49,29
2,51,32
9,80,78
1,46,21
7,51,43
3,86,69
3,79,56
2,56,31
6,44,36
2,53,30
4,73,56
9,87,87
9,56,54
6,74,61
4,94,77
7,40,30
1,98,69
4,89,74
5,89,72
8,75,71
2,54,30
5,99,82
6,58,51
5,90,76
9,81,76
1,44,17
3,58,40
2,82,63
3,78,60
9,44,44
9,91,87
2,51,27
3,58,30
4,86,68
9,51,44
3,75,53
7,51,40
3,57,36
7,88,79
7,90,86
9,87,85
2,82,61
6,73,63
9,87,82
2,72,47
2,88,66
5,57,48
8,96,90
9,68,70
2,84,64
5,44,27
7,64,58
6,63,48
6,68,57
7,98,90
3,77,56
3,72,50
9,49,48
8,76,74
5,99,86
6,72,59
1,62,43
1,97,75
4,50,32
2,63,44
7,63,54
2,46,24
2,89,61
5,60,45
4,59,44
8,92,84
4,49,32
6,64,50
5,86,73
2,75,52
8,87,85
2,86,61
9,54,52
9,83,82
3,79,57
4,79,58
8,89,83
9,45,41
3,76,58
5,41,25
8,51,43
3,97,74
7,43,34
8,62,58
3,52,34
2,56,30
7,70,62
9,55,52
1,80,56
3,65,45
5,67,51
3,40,18
1,86,64
7,51,38
7,76,69
8,94,89
5,95,81
5,89,76
5,59,38
1,41,14
5,75,62
6,54,39
1,77,51
7,61,53
1,83,54
2,89,68
2,71,53
5,98,86
7,59,51
1,75,48
1,72,50
1,54,24
6,89,79
2,85,63
1,42,13
6,68,54
2,86,61
6,66,58
8,44,35
2,98,78
9,95,95
8,70,61
1,61,32
7,74,66
6,93,83
6,46,35
6,45,33
6,65,55
7,93,87
3,40,18
6,58,45
3,46,26
7,75,66
7,51,44
8,59,55
2,62,40
9,64,61
5,69,54
9,98,95
5,68,56
7,70,61
9,57,53
4,80,60
2,58,35
9,93,93
2,43,20
3,40,24
2,80,54
3,98,78
6,54,45
3,93,77
8,47,40
6,54,44
7,54,45
1,89,66
3,78,57
3,61,42
2,57,34
7,55,43
9,41,37
4,75,57
5,59,44
3,55,35
9,42,36
4,95,82
5,69,55
1,94,74
2,41,19
9,74,72
2,65,42
5,96,81
8,44,38
3,41,21
6,90,82
4,95,80
7,59,51
3,73,53
6,73,62
9,93,91
1,95,71
3,94,74
2,59,40
8,89,83
7,64,58
2,59,38
6,64,56
3,92,73
8,53,46
3,99,82
9,86,88
1,83,56
5,82,68
3,82,63
6,78,71
2,51,27
9,87,85
6,44,34
7,41,33
5,93,77
9,55,50
1,94,69
5,69,55
6,86,76
7,82,74
4,77,61
1,84,60
8,90,84
4,81,56
3,63,43
7,90,82
2,69,43
8,76,73
6,96,81
7,98,94
5,92,74
9,78,76
5,50,38
5,53,38
3,62,42
1,92,71
2,55,34
8,89,84
1,60,32
7,94,85
5,94,76
3,43,21
7,72,65
9,93,92
2,86,69
8,53,49
9,58,54
3,98,81
2,44,15
7,75,66
5,70,56
5,84,71
5,57,40
4,83,66
5,70,57
4,94,79
6,69,57
4,60,43
2,86,65
9,69,66
2,94,74
9,80,76
6,43,30
9,44,39
9,80,79
3,84,60
1,49,24
1,66,42
3,55,33
5,69,57
3,52,32
9,75,71
9,60,58
3,84,64
3,92,72
5,79,64
2,84,61
6,54,43
7,59,54
9,59,56
6,84,75
3,94,72
5,98,84
4,44,30
5,93,80
8,93,82
8,99,96
6,71,60
1,45,19
8,69,62
8,65,61
2,76,53
4,52,34
2,68,43
4,44,27
7,64,55
9,52,51
8,63,58
9,70,69
8,59,52
2,94,72
7,47,38
2,99,73
2,48,26
4,60,46
1,90,60
5,59,43
6,54,43
9,65,65
8,93,89
2,81,60
1,50,22
2,76,53
7,80,70
4,50,31
5,66,52
7,69,59
3,58,40
2,73,50
7,77,66
5,62,45
1,92,69
1,40,13
9,42,37
5,42,25
1,67,45
7,53,47
9,91,93
1,69,40
4,97,85
3,93,73
5,44,27
7,88,80
8,54,46
2,77,57
7,53,43
1,53,25
7,96,90
8,98,93
2,88,67
9,47,44
1,47,18
6,58,46
1,71,44
3,70,47
6,68,55
3,80,59
8,50,42
5,84,69
2,52,29
4,66,53
9,95,90
4,58,40
8,65,55
5,92,78
1,90,64
7,76,68
3,87,68
8,48,44
3,67,45
1,71,47
5,91,73
2,93,71
4,42,25
1,90,65
9,71,70
6,44,33
8,47,42
4,53,35
9,95,90
2,42,17
9,63,59
5,52,36
6,82,71
3,68,45
4,47,31
6,90,77
7,81,73
1,70,47
7,65,56
1,57,30
5,97,84
6,57,41
2,96,73
9,46,41
6,87,77
7,77,63
8,87,79
1,55,28
8,94,91
4,95,76
8,99,92
6,72,61
9,95,92
4,90,72
2,42,20
2,77,54
5,43,35
9,75,67
3,43,20
8,81,76
4,48,33
6,79,68
6,90,81
3,56,36
5,56,46
3,72,50
1,59,36
7,53,44
4,61,43
7,91,79
3,66,44
5,82,67
5,42,27
2,63,39
2,69,49
4,47,28
4,61,46
4,64,48
6,99,90
2,49,24
6,88,75
7,68,61
3,79,62
8,93,87
2,40,13
8,91,85
5,60,47
2,78,54
7,63,57
2,48,26
6,99,89
3,83,61
9,93,93
3,65,43
3,48,24
5,59,45
7,95,86
8,74,65
7,75,70
9,81,79
5,75,59
3,93,72
6,48,36
5,61,46
4,40,24
2,44,25
7,48,38
5,76,65
4,77,59
8,58,53
9,47,45
9,81,82
3,82,64
3,71,50
5,52,39
5,59,43
2,75,54
1,82,58
8,83,73
3,76,56
1,69,42
1,49,25
2,70,48
6,64,49
6,68,59
3,63,45
4,78,60
2,60,32
2,80,59
7,48,40
1,81,55
7,81,69
1,41,12
6,43,39
3,47,25
8,71,62
6,53,40
2,88,67
8,52,42
5,60,44
8,63,57
8,89,83
6,57,43
2,84,61
8,79,76
6,65,54
6,71,60
8,83,74
1,96,74
2,94,66
9,95,94
8,92,83
7,72,65
7,91,82
5,70,52
2,57,34
6,74,61
3,51,30
4,90,77
2,64,45
2,84,59
8,70,66
8,49,45
6,86,73
5,91,81
8,73,72
4,90,72
4,42,27
5,85,70
1,78,51
1,47,21
2,71,50
8,82,82
7,68,58
9,61,59
5,59,41
2,45,21
7,82,78
8,88,85
7,68,59
7,81,72
5,95,83
2,56,31
6,70,58
4,92,74
2,73,50
9,77,72
7,96,84
6,76,67
5,43,29
3,41,20
4,51,31
3,74,58
8,45,39
3,95,77
7,85,78
7,47,39
7,60,51
7,92,86
2,97,78
3,85,66
9,74,74
3,87,70
2,54,38
9,46,44
9,54,52
4,84,63
9,45,46
3,86,63
7,56,50
7,43,37
8,61,52
4,71,55
3,98,77
3,61,46
5,66,52
1,85,59
3,54,32
6,99,87
3,83,61
5,90,75
9,61,59
2,67,40
2,81,61
6,77,62
6,99,86
8,96,89
2,48,29
9,73,72
2,75,53
1,48,24
2,54,30
7,84,79
8,59,51
5,47,34
6,97,87
1,67,43
6,90,80
8,58,54
3,96,80
1,55,29
4,50,34
1,81,58
8,47,38
5,72,57
1,49,20
8,57,49
9,74,73
2,82,61
9,89,87
8,42,37
7,79,69
3,66,46
2,98,79
7,67,60
5,85,68
6,45,38
4,86,71
2,53,28
9,46,44
3,49,31
7,54,41
8,70,63
2,68,44
6,81,69
8,93,88
7,56,49
3,98,76
1,90,63
6,68,55
8,88,86
6,83,71
5,54,41
8,65,58
2,51,26
1,64,39
1,80,54
4,44,25
6,43,29
9,83,81
1,87,65
1,80,57
5,96,85
5,70,60
5,42,27
6,92,82
8,42,37
3,65,48
9,89,85
1,56,28
4,99,83
9,49,47
8,41,37
9,63,62
1,50,26
9,63,59
3,74,59
9,62,56
1,71,46
1,62,35
9,73,71
6,80,69
4,58,41
7,41,34
5,99,89
7,90,83
8,41,33
8,54,48
1,95,71
8,60,52
6,74,63
4,44,27
8,82,79
3,66,44
4,63,45
6,46,34
7,45,34
4,85,69
4,72,56
7,97,86
6,88,78
8,56,49
1,85,67
7,81,71
7,69,61
7,47,36
7,79,69
8,85,80
9,46,39
9,45,39
2,43,21
7,40,30
7,54,47
4,70,53
9,64,59
8,86,79
1,72,44
2,91,66
2,74,51
8,94,90
1,44,16
4,44,23
5,75,62
9,56,51
7,92,84
8,91,86
9,53,50
7,97,90
5,68,55
5,47,31
6,73,64
5,79,64
9,40,38
3,68,46
3,75,54
7,90,81
7,76,67
6,68,54
3,44,19
7,92,85
5,71,54
7,99,89
2,91,66
6,63,55
8,58,52
1,51,27
4,91,74
1,40,14
1,46,19
8,56,52
7,73,63
1,82,55
2,46,18
4,56,39
1,98,74
3,42,23
8,68,57
8,61,54
8,77,67
6,93,86
6,82,71
5,68,52
9,89,85
4,89,72
7,93,88
1,81,55
9,44,39
7,69,58
9,62,65
7,94,90
2,60,35
6,95,88
4,65,48
3,93,72
2,86,60
6,60,45
8,59,53
6,62,49
9,43,39
5,60,42
2,60,35
8,40,34
9,54,54
4,56,37
6,90,78
8,53,49
9,98,96
5,58,43
6,89,80
4,99,80
5,73,62
7,45,37
9,84,81
6,88,74
6,45,30
8,92,87
4,93,74
3,44,20
7,46,37
5,72,55
2,52,25
2,90,67
6,93,78
8,40,35
1,52,24
6,82,72
2,66,42
2,46,24
7,91,82
1,42,15
6,97,87
7,64,59
8,72,67
7,79,69
6,56,45
9,84,83
3,53,31
6,76,61
4,97,80
2,95,70
1,93,67
1,62,37
3,98,81
4,63,46
2,68,46
1,77,52
4,98,84
7,93,84
6,66,58
6,77,66
9,92,85
2,79,55
4,84,67
5,89,75
1,62,36
8,70,64
8,75,69
6,56,42
5,76,64
8,42,38
3,75,56
3,94,73
2,44,28
5,85,67
3,54,34
3,91,73
6,88,79
8,45,38
2,98,78
4,49,35
7,93,85
1,71,45
1,62,37
7,87,78
7,56,52
1,85,64
1,59,32
4,83,65
5,80,67
5,54,40
4,83,64
8,85,79
7,97,91
9,61,56
7,89,85
1,91,64
7,45,34
1,43,16
7,97,88
8,62,53
9,83,80
3,84,64
4,58,37
4,93,75
9,84,82
7,70,60
3,83,64
5,91,76
7,42,35
8,67,61
1,42,18
2,53,25
7,57,47
2,66,47
7,90,81
9,99,99
2,49,28
7,88,77
4,54,37
2,58,35
7,48,38
5,43,31
1,54,29
5,90,77
3,87,70
7,47,37
6,88,75
8,92,83
5,40,24
2,46,23
9,92,90
8,70,64
6,57,41
7,51,44
9,87,84
7,69,65
3,72,54
6,98,84
7,86,78
2,46,21
3,67,49
4,88,69
6,42,31
1,82,56
9,45,41
5,70,54
7,77,69
9,54,53
9,46,40
1,82,58
1,69,41
3,66,46
6,56,50
2,94,75
1,57,32
1,61,37
5,95,83
4,92,75
1,65,39
4,90,74
3,66,43
2,79,56
9,63,58
1,91,64
7,47,39
4,60,38
5,68,53
5,82,68
1,60,36
6,42,29
9,70,67
2,94,72
7,66,61
6,85,70
5,66,51
4,48,32
4,96,80
6,72,62
4,72,59
5,65,50
6,67,57
5,83,70
7,82,70
9,70,69
7,92,87
7,40,29
4,59,42
1,51,27
8,56,49
4,54,35
1,73,46
5,89,76
8,55,47
4,43,22
8,47,36
8,73,66
3,85,68
9,64,61
3,54,36
1,67,39
2,48,20
6,41,28
2,56,29
6,97,86
1,49,25
1,48,20
5,70,58
9,41,38
8,63,62
3,58,37
3,56,34
1,82,56
3,88,72
1,49,25
8,89,82
1,94,70
5,67,52
9,77,76
7,87,78
4,67,51
9,98,96
9,89,90
2,91,64
6,89,79
4,40,22
8,99,96
7,42,32
7,54,42
9,91,88
5,49,36
6,60,48
1,76,51
6,54,40
2,62,34
6,53,43
9,54,59
8,49,42
9,95,93
8,48,37
3,83,63
8,78,70
6,44,33
6,64,50
6,95,84
3,81,60
1,96,67
4,65,47
6,47,34
2,61,38
7,91,84
7,64,53
4,87,69
4,51,32
1,48,21
2,49,30
9,87,85
8,49,45
8,48,43
9,65,63
7,74,64
9,66,62
2,99,76
6,70,62
3,58,40
6,82,71
3,77,56
8,45,38
4,54,39
6,68,62
9,86,84
2,84,64
2,93,71
7,44,38
2,53,26
2,92,67
4,41,23
9,62,57
8,83,80
2,91,68
8,85,77
4,58,37
2,63,39
7,59,49
6,86,74
5,66,53
1,91,67
2,63,38
8,56,47
1,64,40
3,85,68
2,94,70
5,70,54
4,67,49
7,89,79
5,98,82
8,67,62
4,61,46
6,95,86
4,98,80
2,44,17
1,93,69
1,83,58
8,81,74
4,47,32
5,77,64
8,67,57
7,96,82
8,86,78
8,51,40
6,96,88
2,64,42
6,77,67
1,83,56
1,54,26
3,83,56
3,80,63
5,90,78
1,92,68
6,73,66
7,99,90
3,84,65
4,52,33
3,47,32
1,98,74
8,52,48
2,75,57
1,45,22
8,77,69
7,71,62
7,60,52
4,83,66
9,83,81
6,88,75
2,98,80
1,46,20
1,65,40
9,54,55
4,95,78
5,88,76
3,81,60
4,62,44
8,91,85
4,77,56
9,80,76
9,54,49
6,87,72
2,92,69
7,79,72
9,55,50
6,71,57
3,76,56
7,57,46
5,59,45
1,85,60
3,41,22
5,94,81
7,62,54
3,69,48
6,42,28
5,85,73
1,78,52
6,86,74
8,88,84
1,40,13
2,80,57
4,61,42
2,68,47
9,53,48
8,87,81
8,67,63
4,60,43
5,84,71
4,71,49
9,45,43
2,93,69
8,40,34
2,60,37
1,96,74
3,43,21
9,42,38
3,88,67
9,69,64
7,70,61
1,73,46
5,58,41
9,59,58
3,62,40
9,93,92
5,98,86
9,79,77
6,64,52
9,54,47
7,77,70
7,62,57
8,91,90
7,41,32
9,96,93
9,96,94
6,54,42
7,91,82
2,83,58
9,74,68
1,49,25
1,53,30
3,66,46
6,93,86
5,53,42
2,74,49
9,72,70
4,91,74
4,40,26
5,73,56
8,58,54
4,63,48
5,81,70
4,43,22
6,75,62
3,52,33
8,97,93
6,71,62
5,48,31
2,78,60
7,55,50
2,89,67
1,42,17
7,91,82
5,59,41
1,49,24
4,95,78
4,97,80
7,97,93
9,61,64
2,87,60
1,42,18
2,50,28
7,64,54
6,81,71
4,87,68
1,47,23
1,48,20
5,54,37
1,71,47
7,92,81
1,42,18
1,43,16
2,69,49
3,52,33
1,83,60
9,60,55
8,80,75
5,96,81
2,85,64
5,58,41
6,78,68
1,87,59
4,61,44
9,59,55
2,76,54
5,70,53
1,49,24
4,57,37
4,82,65
6,78,69
9,85,82
3,59,39
9,57,54
6,50,36
7,61,55
2,98,78
6,83,73
6,57,49
2,97,74
2,73,51
2,62,37
1,40,16
5,94,84
8,49,47
2,92,70
5,40,28
8,77,72
5,78,60
2,88,67
3,48,33
6,70,58
5,46,36
4,56,35
4,74,56
5,87,71
2,76,51
9,91,88
2,57,36
2,72,50
9,43,42
3,62,44
7,50,42
4,91,75
6,48,34
4,69,54
7,47,36
1,79,53
3,44,24
3,51,30
1,40,13
6,54,43
9,64,56
8,57,50
7,77,67
8,81,74
6,85,73
9,92,90
3,65,42
9,79,77
4,98,84
7,42,37
9,93,91
2,61,34
2,65,40
9,58,53
3,83,63
9,83,82
5,86,73
6,99,86
2,78,56
8,98,94
9,75,74
2,60,37
6,80,69
6,93,79
8,87,83
5,65,50
9,52,47
1,75,53
9,63,62
7,80,75
4,65,48
3,60,40
6,57,45
1,54,27
3,54,32
2,45,20
9,82,80
3,70,51
2,67,44
4,47,29
2,68,46
1,60,37
6,56,44
8,95,90
2,96,75
9,88,84
3,63,44
8,97,91
8,99,94
3,89,69
3,75,57
6,70,55
1,86,61
4,73,54
1,41,12
3,81,62
9,42,40
5,69,57
5,47,33
4,91,71
3,46,26
5,51,39
4,97,74
8,58,56
4,65,45
8,67,61
6,54,45
5,53,43
4,87,68
4,98,79
4,53,40
9,42,37
4,89,72
9,68,67
6,99,93
7,93,85
3,45,26
8,88,84
3,62,45
1,67,41
5,53,39
2,53,28
6,59,48
9,52,46
1,66,38
4,99,87
1,74,50
1,84,63
8,95,89
2,41,19
1,80,56
8,84,82
4,79,60
3,87,67
4,63,50
5,68,52
1,42,17
1,84,61
3,43,22
6,89,79
1,41,15
2,59,34
7,93,83
1,92,71
7,54,47
4,88,70
6,71,58
8,81,74
9,40,34
6,77,66
9,74,73
4,90,72
6,46,34
8,84,80
9,52,49
3,88,69
2,40,16
6,53,46
4,68,50
1,97,67
8,42,37
9,85,78
9,63,62
2,40,18
9,87,83
7,49,42
5,52,36
7,75,64
9,48,47
8,53,48
6,75,63
4,49,31
1,79,54
6,62,46
3,74,53
6,94,86
6,46,34
4,81,66
2,74,53
9,41,32
2,54,32
3,48,26
1,86,59
7,56,45
1,78,54
9,91,89
1,57,35
5,54,40
7,57,49
3,63,46
9,62,63
8,51,43
3,62,44
5,60,48
7,65,53
4,47,32
5,69,58
3,73,50
9,41,39
9,44,41
7,70,61
2,72,49
7,93,84
7,43,32
5,45,32
9,62,60
3,84,67
4,58,46
1,82,56
6,84,74
4,47,28
1,78,52
2,52,28
3,40,18
9,45,45
8,46,41
7,87,78
4,66,48
1,54,26
8,91,86
4,73,56
3,97,77
9,96,95
4,62,47
4,87,62
9,88,87
2,63,40
5,54,35
4,74,60
9,43,41
5,83,67
9,76,70
9,56,55
2,70,54
9,77,72
3,49,26
4,93,77
1,89,67
1,66,39
1,81,54
9,45,43
8,95,89
5,45,28
5,91,80
9,54,51
3,43,23
3,96,79
7,87,77
9,93,89
6,95,80
2,79,57
1,46,20
2,90,68
1,97,71
9,88,88
8,92,85
7,84,77
3,86,66
8,65,61
2,97,74
2,70,48
3,41,18
7,67,59
1,81,55
8,52,47
7,57,52
4,69,50
5,94,77
1,50,25
4,52,35
1,90,65
1,63,40
1,96,70
7,68,61
7,95,89
4,93,77
2,44,22
3,74,55
8,58,52
8,94,88
6,52,44
9,44,39
9,83,80
4,53,35
1,77,52
1,61,34
5,48,33
2,88,64
6,79,65
7,65,55
1,84,58
6,44,29
8,68,65
5,93,80
7,61,55
6,88,78
4,42,22
7,67,53
9,77,77
7,53,41
5,86,69
7,53,47
3,82,64
2,50,28
5,48,35
4,77,63
5,86,71
8,83,78
4,45,32
9,40,40
7,64,55
7,55,42
8,91,88
6,54,43
8,73,66
3,56,33
1,42,12
6,42,32
1,76,48
9,56,56
2,94,73
2,88,65
7,91,83
2,77,53
8,40,39
6,46,32
7,65,55
7,86,76
6,78,69
9,58,54
9,91,89
7,93,87
9,69,66
3,82,65
3,94,71
1,53,27
5,52,38
4,59,43
2,65,38
9,66,59
3,64,44
8,48,39
6,80,67
5,87,70
1,51,24
4,49,31
3,45,24
1,89,61
5,73,59
6,98,87
2,91,68
3,80,62
6,58,50
4,45,27
9,41,36
5,54,43
4,56,35
2,55,29
6,67,56
2,60,41
7,47,37
3,49,26
9,49,46
5,89,75
8,49,40
6,48,36
8,67,62
3,63,47
3,58,39
5,72,57
3,43,20
8,95,87
8,42,31
2,81,57
4,51,37
1,57,29
4,62,48
4,59,41
9,45,43
3,92,70
2,73,54
9,81,77
9,41,40
1,69,39
6,48,38
8,66,61
3,81,59
9,73,68
2,79,59
6,63,55
1,88,63
7,56,47
3,68,49
7,75,64
4,89,72
9,51,46
5,70,55
3,88,73
8,48,41
6,58,50
2,85,61
3,85,60
8,56,52
7,41,31
6,79,66
1,44,16
9,98,93
3,78,59
5,93,78
7,87,79
7,55,50
3,56,38
4,93,80
7,66,58
8,46,44
2,91,70
9,47,45
7,47,40
8,62,57
6,71,61
6,82,72
9,86,83
4,57,36
5,77,61
9,93,90
1,51,22
4,54,35
7,67,59
9,94,89
6,77,66
8,89,88
9,95,91
4,70,53
1,91,64
8,48,40
2,47,24
1,85,59
7,58,49
9,90,85
9,47,47
3,73,54
6,96,82
7,43,31
9,70,67
2,77,58
8,42,36
7,74,66
4,58,39
2,82,61
8,68,64
5,49,31
6,51,39
7,85,78
1,69,43
8,69,62
4,99,80
9,57,51
1,63,40
2,71,48
6,48,38
1,86,61
4,63,42
8,65,57
5,42,26
9,62,58
6,50,40
1,49,26
6,89,78
6,75,62
6,99,90
8,52,50
6,68,57
5,77,62
2,98,74
4,92,74
5,52,40
4,96,81
2,65,45
7,59,50
2,44,17
1,59,31
5,53,40
1,84,61
1,53,26
1,47,20
6,87,73
9,52,55
1,63,37
5,54,35
9,90,90
9,40,36
1,61,38
8,73,65
1,89,66
8,90,88
1,79,53
5,42,27
8,94,90
6,65,50
9,53,49
1,97,71
9,80,72
1,47,21
3,88,73
1,94,68
3,94,74
2,95,72
2,55,38
9,81,78
8,60,55
1,49,24
4,96,72
1,64,38
1,95,73
4,77,60
2,61,38
3,88,74
9,87,86
2,86,62
4,93,80
1,85,62
2,43,22
5,43,28
1,69,41
7,41,34
4,68,52
6,82,71
8,75,68
6,60,47
2,99,73
1,60,33
8,87,83
8,60,48
9,43,39
6,40,29
1,65,36
9,95,94
3,90,73
6,41,28
9,48,49
3,94,73
5,96,83
5,84,73
7,57,50
4,87,74
4,87,71
7,96,92
9,81,78
4,80,64
4,50,37
6,64,49
6,65,53
7,97,95
1,75,50
3,81,62
9,74,74
6,77,70
6,42,29
5,98,81
3,80,58
5,74,57
1,89,61
3,79,56
4,61,44
5,47,30
9,54,53
4,84,67
3,46,21
1,58,35
6,79,77
7,81,72
8,56,52
1,40,15
4,84,67
5,68,55
2,97,73
1,52,25
8,95,90
6,87,74
5,68,53
9,80,79
2,81,59
8,45,40
9,44,39
1,73,49
7,50,41
8,48,39
3,77,57
4,79,66
3,80,59
7,48,40
9,47,47
3,83,65
6,97,86
8,79,75
6,42,30
2,52,26
7,58,49
2,73,52
2,71,47
2,88,64
1,55,28
1,75,48
7,57,47
5,53,37
3,69,54
1,41,18
6,52,37
1,66,41
9,98,96
2,92,69
1,91,64
7,56,48
6,70,59
6,54,39
5,96,80
4,59,38
4,44,26
3,46,27
8,57,50
7,95,89
9,50,45
1,71,42
7,89,80
4,66,48
7,65,59
1,76,53
5,84,72
3,67,46
5,89,75
4,41,25
2,59,36
4,43,24
3,52,31
1,63,39
8,87,81
5,77,63
4,97,81
5,79,63
4,87,69
3,84,66
5,94,80
4,68,52
1,97,68
3,75,57
8,41,37
7,80,68
2,57,35
1,88,65
3,47,28
5,97,82
1,54,29
3,80,62
3,56,35
5,62,51
3,41,22
9,45,42
1,68,45
4,66,48
4,76,61
1,88,59
2,73,50
1,57,33
6,81,65
3,49,26
7,77,69
5,98,87
9,83,85
7,56,46
4,98,82
5,52,36
5,91,77
5,99,85
9,87,85
3,81,62
6,66,54
8,92,89
9,41,35
7,73,65
3,70,52
1,62,37
4,46,27
6,77,60
3,72,52
1,51,28
6,84,72
1,51,23
9,58,59
1,48,20
6,49,38
1,56,31
7,89,81
3,79,66
6,78,68
7,80,75
1,49,24
1,51,26
5,54,39
6,70,61
9,54,52
1,67,38
4,43,25
8,75,73
9,94,93
3,40,16
2,97,75
4,83,64
2,96,77
1,73,44
3,86,66
7,56,48
1,78,50
2,77,56
1,83,55
8,90,83
5,72,58
8,99,93
3,60,38
7,65,55
8,85,80
6,75,64
7,44,37
2,72,49
8,40,33
5,92,78
7,45,31
1,76,53
5,41,25
1,96,69
8,92,89
4,98,80
4,98,80
2,44,22
5,65,52
1,80,59
9,90,88
5,92,81
6,86,79
2,52,28
1,51,28
4,44,19
7,41,31
6,98,87
1,43,17
1,98,75
8,66,61
4,89,72
5,92,78
7,49,36
8,52,45
7,83,74
2,41,17
4,65,47
1,54,25
9,85,81
3,96,74
3,49,30
9,61,59
3,79,60
8,64,58
2,54,28
3,52,33
2,47,30
1,60,31
2,60,36
8,61,56
9,85,82
2,72,50
7,84,76
5,66,52
3,79,60
9,89,91
6,61,52
1,69,43
5,48,32
7,84,77
4,74,55
8,57,52
5,81,68
9,44,41
9,66,63
9,96,99
1,45,17
2,71,47
3,47,24
4,95,80
9,78,79
6,60,49
1,57,27
9,53,51
6,54,41
4,81,67
4,65,48
3,92,72
7,83,75
3,71,48
2,78,58
8,67,62
4,99,83
8,78,68
1,82,55
5,71,55
9,52,49
1,54,27
4,57,38
6,78,66
8,45,37
3,94,72
5,50,34
7,71,68
1,79,56
7,59,52
8,72,67
8,79,69
9,47,45
6,90,76
6,74,65
2,44,26
3,74,54
4,86,68
4,53,34
8,60,56
1,86,63
4,63,47
4,56,40
1,57,31
3,73,56
5,51,36
6,55,41
9,43,43
9,64,61
9,73,69
1,67,44
9,85,82
8,50,48
2,52,27
1,70,45
1,99,75
6,64,54
9,78,76
7,49,44
5,63,50
2,40,17
1,92,66
2,64,42
1,67,42
3,75,56
6,57,48
8,45,40
3,41,24
9,42,38
5,85,73
7,47,40
8,70,62
3,87,65
2,58,37
2,89,68
5,45,30
1,53,31
2,42,15
9,87,89
7,40,33
6,83,72
9,69,64
7,85,78
5,58,40
9,93,91
6,58,49
6,48,38
4,46,28
1,85,62
5,76,62
9,89,89
8,80,74
8,92,85
5,46,33
9,48,41
3,43,24
3,64,47
1,88,65
9,51,50
6,45,35
2,57,30
8,79,76
9,60,55
9,54,49
2,42,19
2,41,15
7,95,86
4,94,77
1,80,55
8,79,77
2,98,74
3,43,23
5,71,56
3,41,18
7,85,76
7,68,57
2,41,13
7,73,64
6,66,54
9,99,97
9,93,89
2,78,53
7,83,74
5,77,61
6,57,41
1,75,48
7,58,48
6,66,54
4,84,67
1,59,34
9,60,60
4,62,46
2,69,45
8,64,56
2,70,49
5,66,49
6,73,65
8,47,39
1,58,33
1,80,55
4,65,50
5,67,52
9,43,43
7,70,58
7,55,45
8,90,81
5,49,36
5,77,64
1,87,57
9,49,46
6,84,76
9,48,43
3,78,58
5,75,61
2,90,72
5,97,82
8,75,69
2,58,35
8,99,91
4,58,40
1,51,26
5,52,34
1,64,35
7,75,67
8,64,60
3,67,48
3,81,62
7,92,84
4,78,67
3,69,50
8,44,42
3,56,37
7,57,50
2,82,61
1,86,61
6,60,48
8,61,56
1,78,54
9,89,86
3,97,77
3,96,77
4,45,25
1,89,67
9,55,51
3,41,20
4,90,74
1,40,12
4,96,78
1,69,48
5,97,79
5,82,66
7,91,82
8,76,67
4,87,75
7,62,52
4,40,25
3,58,39
6,85,66
4,42,24
3,41,17
9,95,93
5,76,62
7,56,47
6,67,55
5,57,41
7,72,67
6,54,43
2,61,42
3,80,64
2,66,42
3,94,77
1,76,52
8,71,62
6,99,90
2,84,60
8,58,49
6,67,54
7,67,61
1,95,67
7,49,42
3,59,43
8,64,58
6,60,50
4,53,34
8,61,51
9,92,89
2,65,41
6,83,70
5,50,35
5,94,79
3,46,26
8,56,46
8,57,51
5,46,30
8,95,88
8,59,55
3,77,60
2,50,26
9,83,85
2,97,76
9,55,53
4,90,70
2,94,64
1,66,41
4,90,73
9,50,47
9,55,49
4,62,53
9,99,95
6,98,87
1,51,26
6,98,89
9,79,73
2,42,19
6,41,33
2,99,75
4,77,59
8,87,79
7,91,82
9,63,58
7,68,61
1,86,59
2,85,63
6,73,60
7,59,55
3,57,38
9,53,49
7,57,48
6,41,24
6,40,27
1,59,34
5,73,59
3,80,60
7,80,75
3,87,67
5,50,36
7,66,60
3,62,43
2,77,52
6,83,73
8,42,36
4,51,37
9,69,66
8,70,64
7,62,54
7,40,31
3,80,59
6,59,49
5,93,80
1,45,19
3,50,27
1,74,51
4,43,25
3,68,48
4,98,82
9,49,47
3,90,70
6,68,57
6,77,69
7,40,32
9,79,78
7,47,41
1,96,72
8,77,71
5,56,44
9,58,57
5,72,57
5,54,41
2,84,62
3,70,48
9,60,59
7,42,34
1,41,17
3,74,54
2,80,55
1,98,73
9,55,50
8,95,91
5,84,73
2,90,70
1,98,74
7,89,86
2,60,34
1,51,25
2,67,47
7,51,45
7,72,62
6,59,49
5,79,62
3,88,65
3,60,40
9,99,97
4,91,79
9,93,93
4,78,60
2,80,61
4,88,73
6,98,89
6,81,71
5,75,61
1,61,39
3,65,44
5,46,32
6,46,35
1,47,20
9,65,62
3,63,42
3,63,43
2,79,56
8,87,79
3,51,30
6,86,73
2,47,25
7,93,84
4,48,27
9,42,41
9,93,92
7,60,53
8,70,63
3,87,67
5,86,74
2,63,37
7,43,33
8,59,58
9,55,55
7,49,40
8,82,79
9,65,68
6,68,57
2,44,20
2,50,28
4,68,50
9,84,80
7,54,44
2,45,19
8,87,81
7,54,46
9,82,83
8,59,58
3,73,53
1,99,73
2,99,79
2,41,15
4,83,62
6,55,46
4,58,41
9,73,68
4,88,72
6,53,43
6,63,51
1,67,38
8,87,80
3,71,48
6,76,63
3,49,31
2,88,66
5,84,69
1,87,62
9,48,49
7,63,54
3,75,57
4,95,77
6,68,56
3,99,79
7,68,60
6,97,88
9,87,83
5,62,43
4,66,48
3,70,50
1,82,61
3,46,24
3,88,71
7,93,81
7,84,76
1,43,17
3,53,30
8,81,78
9,81,78
7,49,37
7,98,86
8,83,77
6,73,63
3,65,46
1,62,38
7,48,41
1,76,51
1,47,24
9,92,88
7,53,50
4,46,30
6,46,32
1,48,18
7,42,29
6,53,41
4,56,37
7,89,85
3,83,67
1,61,30
4,85,69
3,65,43
1,97,72
2,67,47
5,84,69
8,53,48
1,48,20
4,90,73
4,65,49
5,41,26
7,50,44
8,56,49
6,73,61
1,58,28
7,78,74
3,57,33
6,52,42
8,44,39
7,89,82
6,62,48
9,97,95
9,95,92
1,63,36
1,68,37
1,87,65
8,86,82
7,47,37
3,65,45
2,54,34
4,96,78
3,40,18
7,67,59
8,88,82
6,86,75
3,85,65
6,53,40
2,81,60
7,73,67
7,98,95
4,70,56
8,45,35
4,88,73
7,44,37
4,70,53
5,76,62
7,54,44
3,54,36
5,91,76
3,82,60
5,44,28
3,67,48
7,72,62
1,50,19
9,82,80
9,45,46
5,62,47
9,79,79
6,41,27
5,54,43
3,62,43
8,61,56
4,48,27
3,86,70
6,79,70
8,69,61
9,55,53
6,98,87
5,85,68
2,86,61
2,91,70
9,69,65
2,84,61
2,48,27
3,40,22
3,98,81
4,77,60
7,47,41
9,98,98
2,98,79
4,91,77
9,57,51
2,66,43
1,57,27
8,71,69
9,97,98
7,88,80
8,71,68
4,92,76
4,87,72
2,84,64
8,93,87
2,75,53
9,75,71
4,60,40
1,85,58
4,71,55
3,70,50
6,76,64
7,55,44
8,85,79
2,85,65
6,53,37
6,96,85
5,63,48
7,64,55
3,85,64
4,90,74
9,74,67
4,56,38
3,85,65
2,81,60
5,84,72
4,93,73
8,43,34
7,50,45
6,86,75
2,54,28
3,69,48
9,63,64
9,41,42
5,82,72
3,73,52
2,62,40
8,70,61
6,76,66
7,52,43
1,72,49
1,46,16
2,71,46
3,46,28
1,81,57
5,77,62
3,91,76
1,83,56
8,52,44
6,63,49
9,67,64
3,71,52
9,82,79
9,57,52
1,73,52
3,87,71
6,73,59
8,90,90
4,77,58
5,40,25
9,82,78
6,89,77
7,81,73
7,70,61
4,89,71
4,99,82
4,40,25
5,90,76
5,55,39
8,97,91
9,78,73
2,54,34
7,72,64
1,62,36
1,92,67
4,80,63
7,73,64
2,56,29
2,64,41
1,95,70
2,81,57
7,45,36
9,70,67
6,44,29
2,79,58
9,79,77
7,69,60
1,44,16
9,51,50
2,46,25
4,84,68
9,52,52
4,88,72
3,43,21
1,89,63
7,81,74
6,42,24
4,51,33
6,40,29
6,66,53
4,82,68
6,89,75
8,52,41
3,56,34
4,47,29
1,71,44
4,59,42
9,90,90
8,56,52
4,73,55
7,74,63
3,74,56
9,77,76
4,81,62
2,63,39
5,93,78
2,57,35
6,89,74
1,85,58
6,87,72
4,78,62
3,72,52
2,88,65
7,62,50
9,64,61
3,76,57
6,66,51
9,40,37
2,60,40
7,98,91
5,88,77
5,49,31
7,70,61
9,83,85
4,64,47
9,59,57
9,96,95
4,41,23
3,94,74
2,87,67
9,54,52
2,67,50
6,52,38
5,89,76
5,99,88
4,91,73
6,93,81
5,53,41
4,89,72
9,41,39
6,73,62
3,74,54
6,76,68
1,64,40
5,87,72
6,93,83
8,54,49
9,51,47
3,48,27
2,97,76
4,70,55
8,53,49
8,68,69
3,92,72
4,87,66
3,82,62
2,77,55
4,81,65
6,99,88
5,47,32
3,87,66
2,42,20
9,41,35
1,55,30
9,58,54
1,69,42
7,80,67
6,55,43
7,70,60
3,93,72
3,97,79
1,67,41
4,43,25
2,49,23
8,90,82
3,84,67
7,57,48
7,86,74
9,71,70
6,69,60
1,75,46
8,48,41
1,75,50
3,68,49
5,55,40
8,67,61
9,60,56
7,86,82
9,95,88
3,41,19
5,99,89
8,98,92
1,85,62
8,74,70
7,93,88
1,67,42
6,94,89
1,75,51
2,70,48
5,72,59
2,62,40
1,99,71
6,80,71
8,56,50
8,85,78
8,88,84
6,40,29
3,81,63
1,62,34
2,87,68
5,66,52
5,64,51
1,71,46
1,58,32
9,63,61
2,96,74
7,42,29
4,99,82
7,51,43
8,74,67
5,54,38
1,56,30
4,89,69
3,71,52
5,46,33
6,58,48
2,46,23
7,44,41
3,97,78
1,79,53
3,60,39
9,87,84
6,87,70
6,90,83
4,96,81
8,86,82
5,46,33
7,76,64
9,62,59
5,50,36
5,49,36
4,96,81
6,60,47
2,94,69
3,98,80
1,80,55
2,72,54
2,59,40
8,72,70
8,79,71
2,74,47
6,73,62
5,75,59
3,66,48
5,58,47
5,82,72
5,44,32
3,68,47
3,95,76
4,49,29
7,95,87
2,98,71
4,94,75
4,79,63
1,52,28
8,68,64
1,44,16
8,97,89
7,97,90
9,98,91
8,51,43
5,98,84
8,52,47
3,61,47
7,79,71
4,54,37
5,52,35
9,40,38
7,93,85
4,77,58
6,82,69
7,84,74
9,92,89
4,91,80
3,40,21
8,50,45
1,97,74
9,82,77
1,79,51
2,61,38
8,74,69
9,99,98
7,90,85
3,83,62
7,45,38
6,67,57
2,70,41
3,94,76
5,47,30
4,44,28
2,81,56
4,93,77
8,87,85
5,83,72
5,56,42
3,77,56
8,48,43
6,49,38
2,59,38
2,53,30
9,53,52
7,65,55
9,68,67
6,88,78
5,66,51
1,64,39
6,55,46
6,75,67
3,73,52
3,55,36
3,72,54
3,42,25
7,62,53
2,50,28
2,87,64
3,97,77
7,57,46
3,86,69
7,80,74
9,83,85
4,68,49
7,98,89
9,89,88
8,44,40
8,63,58
9,68,63
5,68,57
5,99,87
3,65,40
5,79,67
8,42,32
5,41,27
4,64,47
8,58,51
7,79,72
6,41,31
5,58,42
5,40,28
2,66,45
4,93,75
8,84,81
8,94,88
1,91,67
2,88,62
5,74,59
9,80,75
7,44,30
5,77,62
1,43,17
6,56,47
8,92,87
7,60,51
2,92,72
5,87,76
4,70,56
9,87,86
1,61,37
6,50,35
3,73,54
9,88,83
5,54,40
6,89,78
9,49,47
9,77,68
8,71,67
9,92,92
4,87,67
6,70,59
5,76,61
5,83,69
4,67,53
2,70,48
6,45,32
9,53,47
1,97,71
7,62,48
6,55,43
3,64,44
1,78,53
4,41,24
9,77,76
2,80,58
3,78,59
2,73,51
2,90,68
8,79,73
3,82,60
7,64,56
8,75,66
3,55,34
2,96,75
8,57,53
3,52,31
7,98,88
1,76,48
6,66,56
9,73,67
3,50,29
7,40,30
6,52,40
8,69,64
3,44,23
3,57,39
4,53,33
3,52,33
9,71,68
4,46,32
6,47,33
8,89,83
8,46,41
5,91,76
5,88,76
6,55,45
7,82,72
7,70,60
4,90,75
6,66,55
7,99,91
5,72,56
5,92,77
2,68,47
7,47,37
6,72,61
1,80,58
4,58,42
3,60,40
3,80,59
7,60,53
4,64,47
8,81,72
9,95,90
3,62,43
5,50,35
4,72,52
6,59,47
4,64,50
8,65,57
3,79,58
5,91,78
1,51,25
6,71,64
5,72,61
8,49,42
9,43,39
8,54,46
8,90,88
3,45,26
4,66,49
4,44,34
5,44,31
9,57,52
9,67,68
1,74,50
8,98,93
1,61,32
2,73,48
7,43,36
8,57,54
1,80,55
3,90,74
7,65,53
9,81,76
8,61,54
8,86,80
9,72,68
3,82,63
8,53,46
1,70,45
8,49,43
7,90,83
8,63,56
1,60,29
6,87,79
7,47,40
5,71,55
5,70,55
7,73,65
3,62,41
6,64,53
7,46,41
1,58,34
2,46,23
4,86,70
8,47,38
6,53,45
1,40,14
5,52,37
7,42,33
6,92,81
9,67,68
8,77,76
4,90,74
5,54,41
7,75,70
8,92,89
5,42,25
9,43,36
4,44,27
4,89,71
8,65,56
1,64,41
8,49,41
5,47,34
1,51,23
4,93,78
2,97,76
4,98,78
8,42,38
5,66,48
1,89,65
7,62,59
1,79,52
9,97,97
3,72,54
3,53,34
6,93,80
6,62,54
6,70,63
1,52,26
5,96,85
6,51,40
8,74,68
1,57,32
5,60,44
3,84,70
2,86,66
8,81,76
7,40,29
7,77,70
5,80,64
9,81,76
5,86,72
2,48,24
3,62,40
4,53,37
5,50,42
3,46,28
7,70,61
5,63,53
5,65,50
6,69,55
7,73,67
8,85,79
9,77,77
4,44,26
5,44,26
5,58,44
8,90,80
9,77,73
7,67,61
5,65,53
3,81,59
1,62,40
9,85,88
5,88,76
9,69,65
4,42,23
5,67,50
4,72,59
2,81,57
1,42,14
8,44,41
4,96,81
5,58,47
6,81,67
8,97,92
8,96,95
7,87,79
4,40,24
6,77,67
4,48,30
7,99,91
1,44,21
5,98,87
4,85,69
7,81,72
9,73,70
5,76,66
4,72,55
9,64,60
5,81,67
9,68,65
8,97,87
4,64,48
7,93,87
5,98,84
4,48,32
5,42,27
5,54,37
9,43,43
9,84,77
6,77,65
4,59,43
2,88,64
3,62,43
2,76,57
5,86,73
6,47,32
5,96,85
2,76,54
5,95,81
9,84,79
4,72,58
2,72,53
3,46,25
3,61,41
9,44,44
4,85,70
1,54,29
1,60,34
7,64,56
7,56,49
2,95,78
9,89,88
9,46,45
5,93,77
3,97,76
3,89,70
3,99,80
6,58,45
4,91,71
8,46,42
5,79,65
1,84,56
9,98,93
1,89,62
6,63,52
1,50,24
3,80,61
5,94,78
7,40,28
8,93,86
9,71,69
6,79,71
9,92,91
8,83,79
9,41,41
4,54,36
9,60,57
7,63,54
5,89,75
5,56,40
1,86,61
2,91,67
3,91,72
8,48,42
6,74,60
5,59,41
1,58,32
9,57,53
3,59,42
3,69,49
2,79,56
4,40,24
2,63,39
9,63,61
7,86,78
8,58,53
3,69,48
6,65,54
6,81,70
1,83,59
6,99,89
3,77,58
3,68,52
3,52,32
8,43,32
5,84,69
4,56,40
9,72,73
9,44,39
1,67,40
2,63,35
8,56,52
5,89,77
7,78,67
1,87,58
5,79,66
3,83,66
2,85,62
2,90,66
9,50,49
4,51,32
4,52,32
7,47,38
2,40,16
3,48,35
3,67,49
6,41,29
3,53,34
5,52,33
4,87,73
3,41,23
8,43,35
3,51,30
6,87,73
7,49,43
7,42,38
2,43,21
3,45,26
4,62,43
7,44,32
2,89,64
3,42,20
7,49,41
7,82,70
3,58,36
1,53,26
3,60,37
5,99,89
7,82,77
4,67,47
1,60,33
6,75,61
2,63,39
3,93,74
4,77,54
6,56,47
6,61,49
7,58,53
5,84,66
7,93,84
2,49,27
1,50,23
8,77,72
1,41,16
2,72,47
6,82,73
1,70,45
3,87,68
7,74,69
8,76,69
4,86,69
3,86,65
1,75,48
9,62,57
6,75,62
6,79,70
9,78,73
1,65,39
6,64,53
5,56,40
6,54,47
8,76,68
5,84,73
2,43,23
2,61,39
5,56,40
3,61,42
3,56,35
8,53,47
7,53,46
1,56,26
5,47,36
9,73,75
4,65,48
1,84,57
8,69,62
5,61,50
2,55,30
1,69,44
3,55,36
9,77,69
1,93,66
4,63,46
8,75,68
8,74,68
8,45,37
8,43,36
4,57,40
8,45,40
9,65,60
7,76,70
2,66,43
9,80,81
8,50,42
5,77,60
3,55,36
7,58,46
2,82,60
3,92,67
9,54,49
4,65,47
4,95,79
3,80,61
5,95,82
3,70,48
9,58,54
3,96,75
2,90,68
5,63,50
6,97,87
1,48,25
6,62,45
3,43,25
4,49,28
6,48,36
8,58,53
9,54,47
6,90,84
7,73,66
5,81,66
9,58,55
4,88,71
6,91,86
5,95,80
1,60,36
5,73,57
5,90,77
9,56,52
1,57,29
5,56,43
7,41,30
6,90,74
6,40,27
7,82,72
6,96,82
5,49,31
5,76,62
9,87,79
8,95,92
4,44,27
4,95,79
5,94,82
3,51,28
8,75,73
7,70,59
5,94,81
3,77,59
5,90,77
3,48,26
5,83,70
1,65,38
6,54,42
4,55,40
4,52,35
8,64,56
2,69,48
4,92,76
2,95,71
1,46,20
3,96,75
8,94,89
6,91,79
7,43,40
2,82,57
6,79,66
8,77,69
8,96,85
4,69,53
6,49,37
5,69,58
9,78,71
8,46,42
2,75,58
7,74,68
7,63,56
1,78,52
1,75,54
4,84,66
5,59,48
4,88,69
7,71,62
3,98,80
7,78,71
8,88,82
6,65,56
6,65,53
8,75,72
8,82,76
7,74,63
6,82,70
6,74,59
6,51,42
8,72,67
1,75,52
5,53,40
3,72,50
8,85,79
6,84,75
2,84,63
7,63,56
7,54,40
5,70,57
8,56,50
5,51,39
1,61,36
9,62,59
4,65,49
2,53,26
4,51,28
9,89,88
2,43,17
4,98,81
2,85,63
5,90,74
3,52,32
2,96,72
9,94,91
5,57,44
5,82,66
1,67,45
6,77,68
7,80,71
1,83,59
9,58,56
8,85,78
8,86,81
7,82,74
5,77,65
3,85,65
9,42,40
7,58,49
8,59,54
6,64,48
5,50,40
8,95,90
3,56,36
7,99,89
2,98,78
3,88,69
2,94,75
5,74,58
7,53,44
1,98,74
9,78,75
1,96,69
1,58,34
8,42,38
6,73,58
6,97,92
9,88,84
4,80,62
8,61,59
4,77,62
2,95,75
8,66,59
7,60,52
4,80,69
9,70,67
9,66,65
8,76,70
1,41,12
7,93,86
5,86,73
7,48,41
9,58,55
2,81,62
4,75,61
4,49,33
2,98,77
3,79,63
8,93,91
9,84,82
6,78,72
2,46,20
2,43,20
7,54,46
8,51,44
8,87,79
6,45,34
8,99,92
1,48,25
9,74,69
1,47,20
3,46,27
9,43,40
5,97,83
9,52,50
9,58,55
6,46,39
1,49,23
7,64,58
6,83,74
9,97,95
7,74,64
